2025-06-30 14:14:14,722 ERROR Internal Server Error: /news/ C:\Users\pen-cock\PycharmProjects\DjangoProjects\.venv\Lib\site-packages\django\utils\log.py
(<class 'django.db.utils.OperationalError'>, OperationalError('no such column: news_post.image'), <traceback object at 0x000001A2B7D78640>)
Traceback (most recent call last):
  File "C:\Users\pen-cock\PycharmProjects\DjangoProjects\.venv\Lib\site-packages\django\db\backends\utils.py", line 105, in _execute
    return self.cursor.execute(sql, params)
           ~~~~~~~~~~~~~~~~~~~^^^^^^^^^^^^^
  File "C:\Users\pen-cock\PycharmProjects\DjangoProjects\.venv\Lib\site-packages\django\db\backends\sqlite3\base.py", line 354, in execute
    return super().execute(query, params)
           ~~~~~~~~~~~~~~~^^^^^^^^^^^^^^^
sqlite3.OperationalError: no such column: news_post.image

The above exception was the direct cause of the following exception:

Traceback (most recent call last):
  File "C:\Users\pen-cock\PycharmProjects\DjangoProjects\.venv\Lib\site-packages\django\core\handlers\exception.py", line 55, in inner
    response = get_response(request)
  File "C:\Users\pen-cock\PycharmProjects\DjangoProjects\.venv\Lib\site-packages\django\core\handlers\base.py", line 220, in _get_response
    response = response.render()
  File "C:\Users\pen-cock\PycharmProjects\DjangoProjects\.venv\Lib\site-packages\django\template\response.py", line 114, in render
    self.content = self.rendered_content
                   ^^^^^^^^^^^^^^^^^^^^^
  File "C:\Users\pen-cock\PycharmProjects\DjangoProjects\.venv\Lib\site-packages\django\template\response.py", line 92, in rendered_content
    return template.render(context, self._request)
           ~~~~~~~~~~~~~~~^^^^^^^^^^^^^^^^^^^^^^^^
  File "C:\Users\pen-cock\PycharmProjects\DjangoProjects\.venv\Lib\site-packages\django\template\backends\django.py", line 107, in render
    return self.template.render(context)
           ~~~~~~~~~~~~~~~~~~~~^^^^^^^^^
  File "C:\Users\pen-cock\PycharmProjects\DjangoProjects\.venv\Lib\site-packages\django\template\base.py", line 171, in render
    return self._render(context)
           ~~~~~~~~~~~~^^^^^^^^^
  File "C:\Users\pen-cock\PycharmProjects\DjangoProjects\.venv\Lib\site-packages\django\template\base.py", line 163, in _render
    return self.nodelist.render(context)
           ~~~~~~~~~~~~~~~~~~~~^^^^^^^^^
  File "C:\Users\pen-cock\PycharmProjects\DjangoProjects\.venv\Lib\site-packages\django\template\base.py", line 1008, in render
    return SafeString("".join([node.render_annotated(context) for node in self]))
                               ~~~~~~~~~~~~~~~~~~~~~^^^^^^^^^
  File "C:\Users\pen-cock\PycharmProjects\DjangoProjects\.venv\Lib\site-packages\django\template\base.py", line 969, in render_annotated
    return self.render(context)
           ~~~~~~~~~~~^^^^^^^^^
  File "C:\Users\pen-cock\PycharmProjects\DjangoProjects\.venv\Lib\site-packages\django\template\loader_tags.py", line 159, in render
    return compiled_parent._render(context)
           ~~~~~~~~~~~~~~~~~~~~~~~^^^^^^^^^
  File "C:\Users\pen-cock\PycharmProjects\DjangoProjects\.venv\Lib\site-packages\django\template\base.py", line 163, in _render
    return self.nodelist.render(context)
           ~~~~~~~~~~~~~~~~~~~~^^^^^^^^^
  File "C:\Users\pen-cock\PycharmProjects\DjangoProjects\.venv\Lib\site-packages\django\template\base.py", line 1008, in render
    return SafeString("".join([node.render_annotated(context) for node in self]))
                               ~~~~~~~~~~~~~~~~~~~~~^^^^^^^^^
  File "C:\Users\pen-cock\PycharmProjects\DjangoProjects\.venv\Lib\site-packages\django\template\base.py", line 969, in render_annotated
    return self.render(context)
           ~~~~~~~~~~~^^^^^^^^^
  File "C:\Users\pen-cock\PycharmProjects\DjangoProjects\.venv\Lib\site-packages\django\template\loader_tags.py", line 65, in render
    result = block.nodelist.render(context)
  File "C:\Users\pen-cock\PycharmProjects\DjangoProjects\.venv\Lib\site-packages\django\template\base.py", line 1008, in render
    return SafeString("".join([node.render_annotated(context) for node in self]))
                               ~~~~~~~~~~~~~~~~~~~~~^^^^^^^^^
  File "C:\Users\pen-cock\PycharmProjects\DjangoProjects\.venv\Lib\site-packages\django\template\base.py", line 969, in render_annotated
    return self.render(context)
           ~~~~~~~~~~~^^^^^^^^^
  File "C:\Users\pen-cock\PycharmProjects\DjangoProjects\.venv\Lib\site-packages\django\template\defaulttags.py", line 326, in render
    if match:
       ^^^^^
  File "C:\Users\pen-cock\PycharmProjects\DjangoProjects\.venv\Lib\site-packages\django\db\models\query.py", line 414, in __bool__
    self._fetch_all()
    ~~~~~~~~~~~~~~~^^
  File "C:\Users\pen-cock\PycharmProjects\DjangoProjects\.venv\Lib\site-packages\django\db\models\query.py", line 1928, in _fetch_all
    self._result_cache = list(self._iterable_class(self))
                         ~~~~^^^^^^^^^^^^^^^^^^^^^^^^^^^^
  File "C:\Users\pen-cock\PycharmProjects\DjangoProjects\.venv\Lib\site-packages\django\db\models\query.py", line 91, in __iter__
    results = compiler.execute_sql(
        chunked_fetch=self.chunked_fetch, chunk_size=self.chunk_size
    )
  File "C:\Users\pen-cock\PycharmProjects\DjangoProjects\.venv\Lib\site-packages\django\db\models\sql\compiler.py", line 1574, in execute_sql
    cursor.execute(sql, params)
    ~~~~~~~~~~~~~~^^^^^^^^^^^^^
  File "C:\Users\pen-cock\PycharmProjects\DjangoProjects\.venv\Lib\site-packages\django\db\backends\utils.py", line 122, in execute
    return super().execute(sql, params)
           ~~~~~~~~~~~~~~~^^^^^^^^^^^^^
  File "C:\Users\pen-cock\PycharmProjects\DjangoProjects\.venv\Lib\site-packages\django\db\backends\utils.py", line 79, in execute
    return self._execute_with_wrappers(
           ~~~~~~~~~~~~~~~~~~~~~~~~~~~^
        sql, params, many=False, executor=self._execute
        ^^^^^^^^^^^^^^^^^^^^^^^^^^^^^^^^^^^^^^^^^^^^^^^
    )
    ^
  File "C:\Users\pen-cock\PycharmProjects\DjangoProjects\.venv\Lib\site-packages\django\db\backends\utils.py", line 92, in _execute_with_wrappers
    return executor(sql, params, many, context)
  File "C:\Users\pen-cock\PycharmProjects\DjangoProjects\.venv\Lib\site-packages\django\db\backends\utils.py", line 100, in _execute
    with self.db.wrap_database_errors:
         ^^^^^^^^^^^^^^^^^^^^^^^^^^^^
  File "C:\Users\pen-cock\PycharmProjects\DjangoProjects\.venv\Lib\site-packages\django\db\utils.py", line 91, in __exit__
    raise dj_exc_value.with_traceback(traceback) from exc_value
  File "C:\Users\pen-cock\PycharmProjects\DjangoProjects\.venv\Lib\site-packages\django\db\backends\utils.py", line 105, in _execute
    return self.cursor.execute(sql, params)
           ~~~~~~~~~~~~~~~~~~~^^^^^^^^^^^^^
  File "C:\Users\pen-cock\PycharmProjects\DjangoProjects\.venv\Lib\site-packages\django\db\backends\sqlite3\base.py", line 354, in execute
    return super().execute(query, params)
           ~~~~~~~~~~~~~~~^^^^^^^^^^^^^^^
django.db.utils.OperationalError: no such column: news_post.image
2025-06-30 14:14:14,731 ERROR "GET /news/ HTTP/1.1" 500 209381 C:\Users\pen-cock\PycharmProjects\DjangoProjects\.venv\Lib\site-packages\django\core\servers\basehttp.py
None
2025-06-30 14:28:45,517 ERROR Internal Server Error: /news/news/create/ C:\Users\pen-cock\PycharmProjects\DjangoProjects\.venv\Lib\site-packages\django\utils\log.py
(<class 'kombu.exceptions.OperationalError'>, OperationalError('Error 10061 connecting to localhost:6379. Подключение не установлено, т.к. конечный компьютер отверг запрос на подключение.'), <traceback object at 0x000001782534DB00>)
Traceback (most recent call last):
  File "C:\Users\pen-cock\PycharmProjects\DjangoProjects\.venv\Lib\site-packages\redis\connection.py", line 378, in connect
    sock = self.retry.call_with_retry(
        lambda: self._connect(), lambda error: self.disconnect(error)
    )
  File "C:\Users\pen-cock\PycharmProjects\DjangoProjects\.venv\Lib\site-packages\redis\retry.py", line 62, in call_with_retry
    return do()
  File "C:\Users\pen-cock\PycharmProjects\DjangoProjects\.venv\Lib\site-packages\redis\connection.py", line 379, in <lambda>
    lambda: self._connect(), lambda error: self.disconnect(error)
            ~~~~~~~~~~~~~^^
  File "C:\Users\pen-cock\PycharmProjects\DjangoProjects\.venv\Lib\site-packages\redis\connection.py", line 764, in _connect
    raise err
  File "C:\Users\pen-cock\PycharmProjects\DjangoProjects\.venv\Lib\site-packages\redis\connection.py", line 752, in _connect
    sock.connect(socket_address)
    ~~~~~~~~~~~~^^^^^^^^^^^^^^^^
ConnectionRefusedError: [WinError 10061] Подключение не установлено, т.к. конечный компьютер отверг запрос на подключение

During handling of the above exception, another exception occurred:

Traceback (most recent call last):
  File "C:\Users\pen-cock\PycharmProjects\DjangoProjects\.venv\Lib\site-packages\celery\backends\redis.py", line 127, in reconnect_on_error
    yield
  File "C:\Users\pen-cock\PycharmProjects\DjangoProjects\.venv\Lib\site-packages\celery\backends\redis.py", line 177, in _consume_from
    self._pubsub.subscribe(key)
    ~~~~~~~~~~~~~~~~~~~~~~^^^^^
  File "C:\Users\pen-cock\PycharmProjects\DjangoProjects\.venv\Lib\site-packages\redis\client.py", line 1018, in subscribe
    ret_val = self.execute_command("SUBSCRIBE", *new_channels.keys())
  File "C:\Users\pen-cock\PycharmProjects\DjangoProjects\.venv\Lib\site-packages\redis\client.py", line 843, in execute_command
    self.connection = self.connection_pool.get_connection()
                      ~~~~~~~~~~~~~~~~~~~~~~~~~~~~~~~~~~~^^
  File "C:\Users\pen-cock\PycharmProjects\DjangoProjects\.venv\Lib\site-packages\redis\utils.py", line 183, in wrapper
    return func(*args, **kwargs)
  File "C:\Users\pen-cock\PycharmProjects\DjangoProjects\.venv\Lib\site-packages\redis\connection.py", line 1483, in get_connection
    connection.connect()
    ~~~~~~~~~~~~~~~~~~^^
  File "C:\Users\pen-cock\PycharmProjects\DjangoProjects\.venv\Lib\site-packages\redis\connection.py", line 384, in connect
    raise ConnectionError(self._error_message(e))
redis.exceptions.ConnectionError: Error 10061 connecting to localhost:6379. Подключение не установлено, т.к. конечный компьютер отверг запрос на подключение.

During handling of the above exception, another exception occurred:

Traceback (most recent call last):
  File "C:\Users\pen-cock\PycharmProjects\DjangoProjects\.venv\Lib\site-packages\redis\connection.py", line 378, in connect
    sock = self.retry.call_with_retry(
        lambda: self._connect(), lambda error: self.disconnect(error)
    )
  File "C:\Users\pen-cock\PycharmProjects\DjangoProjects\.venv\Lib\site-packages\redis\retry.py", line 62, in call_with_retry
    return do()
  File "C:\Users\pen-cock\PycharmProjects\DjangoProjects\.venv\Lib\site-packages\redis\connection.py", line 379, in <lambda>
    lambda: self._connect(), lambda error: self.disconnect(error)
            ~~~~~~~~~~~~~^^
  File "C:\Users\pen-cock\PycharmProjects\DjangoProjects\.venv\Lib\site-packages\redis\connection.py", line 764, in _connect
    raise err
  File "C:\Users\pen-cock\PycharmProjects\DjangoProjects\.venv\Lib\site-packages\redis\connection.py", line 752, in _connect
    sock.connect(socket_address)
    ~~~~~~~~~~~~^^^^^^^^^^^^^^^^
ConnectionRefusedError: [WinError 10061] Подключение не установлено, т.к. конечный компьютер отверг запрос на подключение

During handling of the above exception, another exception occurred:

Traceback (most recent call last):
  File "C:\Users\pen-cock\PycharmProjects\DjangoProjects\.venv\Lib\site-packages\kombu\connection.py", line 472, in _reraise_as_library_errors
    yield
  File "C:\Users\pen-cock\PycharmProjects\DjangoProjects\.venv\Lib\site-packages\celery\app\base.py", line 921, in send_task
    self.backend.on_task_call(P, task_id)
    ~~~~~~~~~~~~~~~~~~~~~~~~~^^^^^^^^^^^^
  File "C:\Users\pen-cock\PycharmProjects\DjangoProjects\.venv\Lib\site-packages\celery\backends\redis.py", line 378, in on_task_call
    self.result_consumer.consume_from(task_id)
    ~~~~~~~~~~~~~~~~~~~~~~~~~~~~~~~~~^^^^^^^^^
  File "C:\Users\pen-cock\PycharmProjects\DjangoProjects\.venv\Lib\site-packages\celery\backends\redis.py", line 169, in consume_from
    return self.start(task_id)
           ~~~~~~~~~~^^^^^^^^^
  File "C:\Users\pen-cock\PycharmProjects\DjangoProjects\.venv\Lib\site-packages\celery\backends\redis.py", line 147, in start
    self._consume_from(initial_task_id)
    ~~~~~~~~~~~~~~~~~~^^^^^^^^^^^^^^^^^
  File "C:\Users\pen-cock\PycharmProjects\DjangoProjects\.venv\Lib\site-packages\celery\backends\redis.py", line 176, in _consume_from
    with self.reconnect_on_error():
         ~~~~~~~~~~~~~~~~~~~~~~~^^
  File "C:\Users\pen-cock\AppData\Local\Programs\Python\Python313\Lib\contextlib.py", line 162, in __exit__
    self.gen.throw(value)
    ~~~~~~~~~~~~~~^^^^^^^
  File "C:\Users\pen-cock\PycharmProjects\DjangoProjects\.venv\Lib\site-packages\celery\backends\redis.py", line 130, in reconnect_on_error
    self._ensure(self._reconnect_pubsub, ())
    ~~~~~~~~~~~~^^^^^^^^^^^^^^^^^^^^^^^^^^^^
  File "C:\Users\pen-cock\PycharmProjects\DjangoProjects\.venv\Lib\site-packages\celery\backends\redis.py", line 389, in ensure
    return retry_over_time(
        fun, self.connection_errors, args, {},
        partial(self.on_connection_error, max_retries),
        **retry_policy)
  File "C:\Users\pen-cock\PycharmProjects\DjangoProjects\.venv\Lib\site-packages\kombu\utils\functional.py", line 318, in retry_over_time
    return fun(*args, **kwargs)
  File "C:\Users\pen-cock\PycharmProjects\DjangoProjects\.venv\Lib\site-packages\celery\backends\redis.py", line 106, in _reconnect_pubsub
    metas = self.backend.client.mget(self.subscribed_to)
  File "C:\Users\pen-cock\PycharmProjects\DjangoProjects\.venv\Lib\site-packages\redis\commands\core.py", line 2009, in mget
    return self.execute_command("MGET", *args, **options)
           ~~~~~~~~~~~~~~~~~~~~^^^^^^^^^^^^^^^^^^^^^^^^^^
  File "C:\Users\pen-cock\PycharmProjects\DjangoProjects\.venv\Lib\site-packages\redis\client.py", line 605, in execute_command
    return self._execute_command(*args, **options)
           ~~~~~~~~~~~~~~~~~~~~~^^^^^^^^^^^^^^^^^^
  File "C:\Users\pen-cock\PycharmProjects\DjangoProjects\.venv\Lib\site-packages\redis\client.py", line 611, in _execute_command
    conn = self.connection or pool.get_connection()
                              ~~~~~~~~~~~~~~~~~~~^^
  File "C:\Users\pen-cock\PycharmProjects\DjangoProjects\.venv\Lib\site-packages\redis\utils.py", line 183, in wrapper
    return func(*args, **kwargs)
  File "C:\Users\pen-cock\PycharmProjects\DjangoProjects\.venv\Lib\site-packages\redis\connection.py", line 1483, in get_connection
    connection.connect()
    ~~~~~~~~~~~~~~~~~~^^
  File "C:\Users\pen-cock\PycharmProjects\DjangoProjects\.venv\Lib\site-packages\redis\connection.py", line 384, in connect
    raise ConnectionError(self._error_message(e))
redis.exceptions.ConnectionError: Error 10061 connecting to localhost:6379. Подключение не установлено, т.к. конечный компьютер отверг запрос на подключение.

The above exception was the direct cause of the following exception:

Traceback (most recent call last):
  File "C:\Users\pen-cock\PycharmProjects\DjangoProjects\.venv\Lib\site-packages\django\core\handlers\exception.py", line 55, in inner
    response = get_response(request)
  File "C:\Users\pen-cock\PycharmProjects\DjangoProjects\.venv\Lib\site-packages\django\core\handlers\base.py", line 197, in _get_response
    response = wrapped_callback(request, *callback_args, **callback_kwargs)
  File "C:\Users\pen-cock\PycharmProjects\DjangoProjects\.venv\Lib\site-packages\django\utils\decorators.py", line 188, in _view_wrapper
    result = _process_exception(request, e)
  File "C:\Users\pen-cock\PycharmProjects\DjangoProjects\.venv\Lib\site-packages\django\utils\decorators.py", line 186, in _view_wrapper
    response = view_func(request, *args, **kwargs)
  File "C:\Users\pen-cock\PycharmProjects\DjangoProjects\.venv\Lib\site-packages\django\views\generic\base.py", line 104, in view
    return self.dispatch(request, *args, **kwargs)
           ~~~~~~~~~~~~~^^^^^^^^^^^^^^^^^^^^^^^^^^
  File "C:\Users\pen-cock\PycharmProjects\DjangoProjects\.venv\Lib\site-packages\django\contrib\auth\mixins.py", line 73, in dispatch
    return super().dispatch(request, *args, **kwargs)
           ~~~~~~~~~~~~~~~~^^^^^^^^^^^^^^^^^^^^^^^^^^
  File "C:\Users\pen-cock\PycharmProjects\DjangoProjects\Newspaper\Newspaper\news\mixins.py", line 30, in dispatch
    return super().dispatch(request, *args, **kwargs)
           ~~~~~~~~~~~~~~~~^^^^^^^^^^^^^^^^^^^^^^^^^^
  File "C:\Users\pen-cock\PycharmProjects\DjangoProjects\.venv\Lib\site-packages\django\views\generic\base.py", line 143, in dispatch
    return handler(request, *args, **kwargs)
  File "C:\Users\pen-cock\PycharmProjects\DjangoProjects\.venv\Lib\site-packages\django\views\generic\edit.py", line 182, in post
    return super().post(request, *args, **kwargs)
           ~~~~~~~~~~~~^^^^^^^^^^^^^^^^^^^^^^^^^^
  File "C:\Users\pen-cock\PycharmProjects\DjangoProjects\.venv\Lib\site-packages\django\views\generic\edit.py", line 151, in post
    return self.form_valid(form)
           ~~~~~~~~~~~~~~~^^^^^^
  File "C:\Users\pen-cock\PycharmProjects\DjangoProjects\Newspaper\Newspaper\news\views.py", line 79, in form_valid
    return super().form_valid(form)
           ~~~~~~~~~~~~~~~~~~^^^^^^
  File "C:\Users\pen-cock\PycharmProjects\DjangoProjects\.venv\Lib\site-packages\django\views\generic\edit.py", line 133, in form_valid
    self.object = form.save()
                  ~~~~~~~~~^^
  File "C:\Users\pen-cock\PycharmProjects\DjangoProjects\.venv\Lib\site-packages\django\forms\models.py", line 554, in save
    self.instance.save()
    ~~~~~~~~~~~~~~~~~~^^
  File "C:\Users\pen-cock\PycharmProjects\DjangoProjects\.venv\Lib\site-packages\django\db\models\base.py", line 892, in save
    self.save_base(
    ~~~~~~~~~~~~~~^
        using=using,
        ^^^^^^^^^^^^
    ...<2 lines>...
        update_fields=update_fields,
        ^^^^^^^^^^^^^^^^^^^^^^^^^^^^
    )
    ^
  File "C:\Users\pen-cock\PycharmProjects\DjangoProjects\.venv\Lib\site-packages\django\db\models\base.py", line 1013, in save_base
    post_save.send(
    ~~~~~~~~~~~~~~^
        sender=origin,
        ^^^^^^^^^^^^^^
    ...<4 lines>...
        using=using,
        ^^^^^^^^^^^^
    )
    ^
  File "C:\Users\pen-cock\PycharmProjects\DjangoProjects\.venv\Lib\site-packages\django\dispatch\dispatcher.py", line 189, in send
    response = receiver(signal=self, sender=sender, **named)
  File "C:\Users\pen-cock\PycharmProjects\DjangoProjects\Newspaper\Newspaper\news\models.py", line 101, in post_created
    notify_subscribers.delay(instance.id)
    ~~~~~~~~~~~~~~~~~~~~~~~~^^^^^^^^^^^^^
  File "C:\Users\pen-cock\PycharmProjects\DjangoProjects\.venv\Lib\site-packages\celery\app\task.py", line 444, in delay
    return self.apply_async(args, kwargs)
           ~~~~~~~~~~~~~~~~^^^^^^^^^^^^^^
  File "C:\Users\pen-cock\PycharmProjects\DjangoProjects\.venv\Lib\site-packages\celery\app\task.py", line 601, in apply_async
    return app.send_task(
           ~~~~~~~~~~~~~^
        self.name, args, kwargs, task_id=task_id, producer=producer,
        ^^^^^^^^^^^^^^^^^^^^^^^^^^^^^^^^^^^^^^^^^^^^^^^^^^^^^^^^^^^^
    ...<2 lines>...
        **options
        ^^^^^^^^^
    )
    ^
  File "C:\Users\pen-cock\PycharmProjects\DjangoProjects\.venv\Lib\site-packages\celery\app\base.py", line 919, in send_task
    with P.connection._reraise_as_library_errors():
         ~~~~~~~~~~~~~~~~~~~~~~~~~~~~~~~~~~~~~~~^^
  File "C:\Users\pen-cock\AppData\Local\Programs\Python\Python313\Lib\contextlib.py", line 162, in __exit__
    self.gen.throw(value)
    ~~~~~~~~~~~~~~^^^^^^^
  File "C:\Users\pen-cock\PycharmProjects\DjangoProjects\.venv\Lib\site-packages\kombu\connection.py", line 476, in _reraise_as_library_errors
    raise ConnectionError(str(exc)) from exc
kombu.exceptions.OperationalError: Error 10061 connecting to localhost:6379. Подключение не установлено, т.к. конечный компьютер отверг запрос на подключение.
2025-06-30 14:28:48,738 ERROR Internal Server Error: /news/news/create/ C:\Users\pen-cock\PycharmProjects\DjangoProjects\.venv\Lib\site-packages\django\utils\log.py
(<class 'kombu.exceptions.OperationalError'>, OperationalError('Error 10061 connecting to localhost:6379. Подключение не установлено, т.к. конечный компьютер отверг запрос на подключение.'), <traceback object at 0x0000017825B842C0>)
Traceback (most recent call last):
  File "C:\Users\pen-cock\PycharmProjects\DjangoProjects\.venv\Lib\site-packages\redis\connection.py", line 378, in connect
    sock = self.retry.call_with_retry(
        lambda: self._connect(), lambda error: self.disconnect(error)
    )
  File "C:\Users\pen-cock\PycharmProjects\DjangoProjects\.venv\Lib\site-packages\redis\retry.py", line 62, in call_with_retry
    return do()
  File "C:\Users\pen-cock\PycharmProjects\DjangoProjects\.venv\Lib\site-packages\redis\connection.py", line 379, in <lambda>
    lambda: self._connect(), lambda error: self.disconnect(error)
            ~~~~~~~~~~~~~^^
  File "C:\Users\pen-cock\PycharmProjects\DjangoProjects\.venv\Lib\site-packages\redis\connection.py", line 764, in _connect
    raise err
  File "C:\Users\pen-cock\PycharmProjects\DjangoProjects\.venv\Lib\site-packages\redis\connection.py", line 752, in _connect
    sock.connect(socket_address)
    ~~~~~~~~~~~~^^^^^^^^^^^^^^^^
ConnectionRefusedError: [WinError 10061] Подключение не установлено, т.к. конечный компьютер отверг запрос на подключение

During handling of the above exception, another exception occurred:

Traceback (most recent call last):
  File "C:\Users\pen-cock\PycharmProjects\DjangoProjects\.venv\Lib\site-packages\celery\backends\redis.py", line 127, in reconnect_on_error
    yield
  File "C:\Users\pen-cock\PycharmProjects\DjangoProjects\.venv\Lib\site-packages\celery\backends\redis.py", line 177, in _consume_from
    self._pubsub.subscribe(key)
    ~~~~~~~~~~~~~~~~~~~~~~^^^^^
  File "C:\Users\pen-cock\PycharmProjects\DjangoProjects\.venv\Lib\site-packages\redis\client.py", line 1018, in subscribe
    ret_val = self.execute_command("SUBSCRIBE", *new_channels.keys())
  File "C:\Users\pen-cock\PycharmProjects\DjangoProjects\.venv\Lib\site-packages\redis\client.py", line 843, in execute_command
    self.connection = self.connection_pool.get_connection()
                      ~~~~~~~~~~~~~~~~~~~~~~~~~~~~~~~~~~~^^
  File "C:\Users\pen-cock\PycharmProjects\DjangoProjects\.venv\Lib\site-packages\redis\utils.py", line 183, in wrapper
    return func(*args, **kwargs)
  File "C:\Users\pen-cock\PycharmProjects\DjangoProjects\.venv\Lib\site-packages\redis\connection.py", line 1483, in get_connection
    connection.connect()
    ~~~~~~~~~~~~~~~~~~^^
  File "C:\Users\pen-cock\PycharmProjects\DjangoProjects\.venv\Lib\site-packages\redis\connection.py", line 384, in connect
    raise ConnectionError(self._error_message(e))
redis.exceptions.ConnectionError: Error 10061 connecting to localhost:6379. Подключение не установлено, т.к. конечный компьютер отверг запрос на подключение.

During handling of the above exception, another exception occurred:

Traceback (most recent call last):
  File "C:\Users\pen-cock\PycharmProjects\DjangoProjects\.venv\Lib\site-packages\redis\connection.py", line 378, in connect
    sock = self.retry.call_with_retry(
        lambda: self._connect(), lambda error: self.disconnect(error)
    )
  File "C:\Users\pen-cock\PycharmProjects\DjangoProjects\.venv\Lib\site-packages\redis\retry.py", line 62, in call_with_retry
    return do()
  File "C:\Users\pen-cock\PycharmProjects\DjangoProjects\.venv\Lib\site-packages\redis\connection.py", line 379, in <lambda>
    lambda: self._connect(), lambda error: self.disconnect(error)
            ~~~~~~~~~~~~~^^
  File "C:\Users\pen-cock\PycharmProjects\DjangoProjects\.venv\Lib\site-packages\redis\connection.py", line 764, in _connect
    raise err
  File "C:\Users\pen-cock\PycharmProjects\DjangoProjects\.venv\Lib\site-packages\redis\connection.py", line 752, in _connect
    sock.connect(socket_address)
    ~~~~~~~~~~~~^^^^^^^^^^^^^^^^
ConnectionRefusedError: [WinError 10061] Подключение не установлено, т.к. конечный компьютер отверг запрос на подключение

During handling of the above exception, another exception occurred:

Traceback (most recent call last):
  File "C:\Users\pen-cock\PycharmProjects\DjangoProjects\.venv\Lib\site-packages\kombu\connection.py", line 472, in _reraise_as_library_errors
    yield
  File "C:\Users\pen-cock\PycharmProjects\DjangoProjects\.venv\Lib\site-packages\celery\app\base.py", line 921, in send_task
    self.backend.on_task_call(P, task_id)
    ~~~~~~~~~~~~~~~~~~~~~~~~~^^^^^^^^^^^^
  File "C:\Users\pen-cock\PycharmProjects\DjangoProjects\.venv\Lib\site-packages\celery\backends\redis.py", line 378, in on_task_call
    self.result_consumer.consume_from(task_id)
    ~~~~~~~~~~~~~~~~~~~~~~~~~~~~~~~~~^^^^^^^^^
  File "C:\Users\pen-cock\PycharmProjects\DjangoProjects\.venv\Lib\site-packages\celery\backends\redis.py", line 169, in consume_from
    return self.start(task_id)
           ~~~~~~~~~~^^^^^^^^^
  File "C:\Users\pen-cock\PycharmProjects\DjangoProjects\.venv\Lib\site-packages\celery\backends\redis.py", line 147, in start
    self._consume_from(initial_task_id)
    ~~~~~~~~~~~~~~~~~~^^^^^^^^^^^^^^^^^
  File "C:\Users\pen-cock\PycharmProjects\DjangoProjects\.venv\Lib\site-packages\celery\backends\redis.py", line 176, in _consume_from
    with self.reconnect_on_error():
         ~~~~~~~~~~~~~~~~~~~~~~~^^
  File "C:\Users\pen-cock\AppData\Local\Programs\Python\Python313\Lib\contextlib.py", line 162, in __exit__
    self.gen.throw(value)
    ~~~~~~~~~~~~~~^^^^^^^
  File "C:\Users\pen-cock\PycharmProjects\DjangoProjects\.venv\Lib\site-packages\celery\backends\redis.py", line 130, in reconnect_on_error
    self._ensure(self._reconnect_pubsub, ())
    ~~~~~~~~~~~~^^^^^^^^^^^^^^^^^^^^^^^^^^^^
  File "C:\Users\pen-cock\PycharmProjects\DjangoProjects\.venv\Lib\site-packages\celery\backends\redis.py", line 389, in ensure
    return retry_over_time(
        fun, self.connection_errors, args, {},
        partial(self.on_connection_error, max_retries),
        **retry_policy)
  File "C:\Users\pen-cock\PycharmProjects\DjangoProjects\.venv\Lib\site-packages\kombu\utils\functional.py", line 318, in retry_over_time
    return fun(*args, **kwargs)
  File "C:\Users\pen-cock\PycharmProjects\DjangoProjects\.venv\Lib\site-packages\celery\backends\redis.py", line 106, in _reconnect_pubsub
    metas = self.backend.client.mget(self.subscribed_to)
  File "C:\Users\pen-cock\PycharmProjects\DjangoProjects\.venv\Lib\site-packages\redis\commands\core.py", line 2009, in mget
    return self.execute_command("MGET", *args, **options)
           ~~~~~~~~~~~~~~~~~~~~^^^^^^^^^^^^^^^^^^^^^^^^^^
  File "C:\Users\pen-cock\PycharmProjects\DjangoProjects\.venv\Lib\site-packages\redis\client.py", line 605, in execute_command
    return self._execute_command(*args, **options)
           ~~~~~~~~~~~~~~~~~~~~~^^^^^^^^^^^^^^^^^^
  File "C:\Users\pen-cock\PycharmProjects\DjangoProjects\.venv\Lib\site-packages\redis\client.py", line 611, in _execute_command
    conn = self.connection or pool.get_connection()
                              ~~~~~~~~~~~~~~~~~~~^^
  File "C:\Users\pen-cock\PycharmProjects\DjangoProjects\.venv\Lib\site-packages\redis\utils.py", line 183, in wrapper
    return func(*args, **kwargs)
  File "C:\Users\pen-cock\PycharmProjects\DjangoProjects\.venv\Lib\site-packages\redis\connection.py", line 1483, in get_connection
    connection.connect()
    ~~~~~~~~~~~~~~~~~~^^
  File "C:\Users\pen-cock\PycharmProjects\DjangoProjects\.venv\Lib\site-packages\redis\connection.py", line 384, in connect
    raise ConnectionError(self._error_message(e))
redis.exceptions.ConnectionError: Error 10061 connecting to localhost:6379. Подключение не установлено, т.к. конечный компьютер отверг запрос на подключение.

The above exception was the direct cause of the following exception:

Traceback (most recent call last):
  File "C:\Users\pen-cock\PycharmProjects\DjangoProjects\.venv\Lib\site-packages\django\core\handlers\exception.py", line 55, in inner
    response = get_response(request)
  File "C:\Users\pen-cock\PycharmProjects\DjangoProjects\.venv\Lib\site-packages\django\core\handlers\base.py", line 197, in _get_response
    response = wrapped_callback(request, *callback_args, **callback_kwargs)
  File "C:\Users\pen-cock\PycharmProjects\DjangoProjects\.venv\Lib\site-packages\django\utils\decorators.py", line 188, in _view_wrapper
    result = _process_exception(request, e)
  File "C:\Users\pen-cock\PycharmProjects\DjangoProjects\.venv\Lib\site-packages\django\utils\decorators.py", line 186, in _view_wrapper
    response = view_func(request, *args, **kwargs)
  File "C:\Users\pen-cock\PycharmProjects\DjangoProjects\.venv\Lib\site-packages\django\views\generic\base.py", line 104, in view
    return self.dispatch(request, *args, **kwargs)
           ~~~~~~~~~~~~~^^^^^^^^^^^^^^^^^^^^^^^^^^
  File "C:\Users\pen-cock\PycharmProjects\DjangoProjects\.venv\Lib\site-packages\django\contrib\auth\mixins.py", line 73, in dispatch
    return super().dispatch(request, *args, **kwargs)
           ~~~~~~~~~~~~~~~~^^^^^^^^^^^^^^^^^^^^^^^^^^
  File "C:\Users\pen-cock\PycharmProjects\DjangoProjects\Newspaper\Newspaper\news\mixins.py", line 30, in dispatch
    return super().dispatch(request, *args, **kwargs)
           ~~~~~~~~~~~~~~~~^^^^^^^^^^^^^^^^^^^^^^^^^^
  File "C:\Users\pen-cock\PycharmProjects\DjangoProjects\.venv\Lib\site-packages\django\views\generic\base.py", line 143, in dispatch
    return handler(request, *args, **kwargs)
  File "C:\Users\pen-cock\PycharmProjects\DjangoProjects\.venv\Lib\site-packages\django\views\generic\edit.py", line 182, in post
    return super().post(request, *args, **kwargs)
           ~~~~~~~~~~~~^^^^^^^^^^^^^^^^^^^^^^^^^^
  File "C:\Users\pen-cock\PycharmProjects\DjangoProjects\.venv\Lib\site-packages\django\views\generic\edit.py", line 151, in post
    return self.form_valid(form)
           ~~~~~~~~~~~~~~~^^^^^^
  File "C:\Users\pen-cock\PycharmProjects\DjangoProjects\Newspaper\Newspaper\news\views.py", line 79, in form_valid
    return super().form_valid(form)
           ~~~~~~~~~~~~~~~~~~^^^^^^
  File "C:\Users\pen-cock\PycharmProjects\DjangoProjects\.venv\Lib\site-packages\django\views\generic\edit.py", line 133, in form_valid
    self.object = form.save()
                  ~~~~~~~~~^^
  File "C:\Users\pen-cock\PycharmProjects\DjangoProjects\.venv\Lib\site-packages\django\forms\models.py", line 554, in save
    self.instance.save()
    ~~~~~~~~~~~~~~~~~~^^
  File "C:\Users\pen-cock\PycharmProjects\DjangoProjects\.venv\Lib\site-packages\django\db\models\base.py", line 892, in save
    self.save_base(
    ~~~~~~~~~~~~~~^
        using=using,
        ^^^^^^^^^^^^
    ...<2 lines>...
        update_fields=update_fields,
        ^^^^^^^^^^^^^^^^^^^^^^^^^^^^
    )
    ^
  File "C:\Users\pen-cock\PycharmProjects\DjangoProjects\.venv\Lib\site-packages\django\db\models\base.py", line 1013, in save_base
    post_save.send(
    ~~~~~~~~~~~~~~^
        sender=origin,
        ^^^^^^^^^^^^^^
    ...<4 lines>...
        using=using,
        ^^^^^^^^^^^^
    )
    ^
  File "C:\Users\pen-cock\PycharmProjects\DjangoProjects\.venv\Lib\site-packages\django\dispatch\dispatcher.py", line 189, in send
    response = receiver(signal=self, sender=sender, **named)
  File "C:\Users\pen-cock\PycharmProjects\DjangoProjects\Newspaper\Newspaper\news\models.py", line 101, in post_created
    notify_subscribers.delay(instance.id)
    ~~~~~~~~~~~~~~~~~~~~~~~~^^^^^^^^^^^^^
  File "C:\Users\pen-cock\PycharmProjects\DjangoProjects\.venv\Lib\site-packages\celery\app\task.py", line 444, in delay
    return self.apply_async(args, kwargs)
           ~~~~~~~~~~~~~~~~^^^^^^^^^^^^^^
  File "C:\Users\pen-cock\PycharmProjects\DjangoProjects\.venv\Lib\site-packages\celery\app\task.py", line 601, in apply_async
    return app.send_task(
           ~~~~~~~~~~~~~^
        self.name, args, kwargs, task_id=task_id, producer=producer,
        ^^^^^^^^^^^^^^^^^^^^^^^^^^^^^^^^^^^^^^^^^^^^^^^^^^^^^^^^^^^^
    ...<2 lines>...
        **options
        ^^^^^^^^^
    )
    ^
  File "C:\Users\pen-cock\PycharmProjects\DjangoProjects\.venv\Lib\site-packages\celery\app\base.py", line 919, in send_task
    with P.connection._reraise_as_library_errors():
         ~~~~~~~~~~~~~~~~~~~~~~~~~~~~~~~~~~~~~~~^^
  File "C:\Users\pen-cock\AppData\Local\Programs\Python\Python313\Lib\contextlib.py", line 162, in __exit__
    self.gen.throw(value)
    ~~~~~~~~~~~~~~^^^^^^^
  File "C:\Users\pen-cock\PycharmProjects\DjangoProjects\.venv\Lib\site-packages\kombu\connection.py", line 476, in _reraise_as_library_errors
    raise ConnectionError(str(exc)) from exc
kombu.exceptions.OperationalError: Error 10061 connecting to localhost:6379. Подключение не установлено, т.к. конечный компьютер отверг запрос на подключение.
2025-06-30 14:28:50,351 ERROR Internal Server Error: /news/news/create/ C:\Users\pen-cock\PycharmProjects\DjangoProjects\.venv\Lib\site-packages\django\utils\log.py
(<class 'kombu.exceptions.OperationalError'>, OperationalError('Error 10061 connecting to localhost:6379. Подключение не установлено, т.к. конечный компьютер отверг запрос на подключение.'), <traceback object at 0x000001782530C080>)
Traceback (most recent call last):
  File "C:\Users\pen-cock\PycharmProjects\DjangoProjects\.venv\Lib\site-packages\redis\connection.py", line 378, in connect
    sock = self.retry.call_with_retry(
        lambda: self._connect(), lambda error: self.disconnect(error)
    )
  File "C:\Users\pen-cock\PycharmProjects\DjangoProjects\.venv\Lib\site-packages\redis\retry.py", line 62, in call_with_retry
    return do()
  File "C:\Users\pen-cock\PycharmProjects\DjangoProjects\.venv\Lib\site-packages\redis\connection.py", line 379, in <lambda>
    lambda: self._connect(), lambda error: self.disconnect(error)
            ~~~~~~~~~~~~~^^
  File "C:\Users\pen-cock\PycharmProjects\DjangoProjects\.venv\Lib\site-packages\redis\connection.py", line 764, in _connect
    raise err
  File "C:\Users\pen-cock\PycharmProjects\DjangoProjects\.venv\Lib\site-packages\redis\connection.py", line 752, in _connect
    sock.connect(socket_address)
    ~~~~~~~~~~~~^^^^^^^^^^^^^^^^
ConnectionRefusedError: [WinError 10061] Подключение не установлено, т.к. конечный компьютер отверг запрос на подключение

During handling of the above exception, another exception occurred:

Traceback (most recent call last):
  File "C:\Users\pen-cock\PycharmProjects\DjangoProjects\.venv\Lib\site-packages\celery\backends\redis.py", line 127, in reconnect_on_error
    yield
  File "C:\Users\pen-cock\PycharmProjects\DjangoProjects\.venv\Lib\site-packages\celery\backends\redis.py", line 177, in _consume_from
    self._pubsub.subscribe(key)
    ~~~~~~~~~~~~~~~~~~~~~~^^^^^
  File "C:\Users\pen-cock\PycharmProjects\DjangoProjects\.venv\Lib\site-packages\redis\client.py", line 1018, in subscribe
    ret_val = self.execute_command("SUBSCRIBE", *new_channels.keys())
  File "C:\Users\pen-cock\PycharmProjects\DjangoProjects\.venv\Lib\site-packages\redis\client.py", line 843, in execute_command
    self.connection = self.connection_pool.get_connection()
                      ~~~~~~~~~~~~~~~~~~~~~~~~~~~~~~~~~~~^^
  File "C:\Users\pen-cock\PycharmProjects\DjangoProjects\.venv\Lib\site-packages\redis\utils.py", line 183, in wrapper
    return func(*args, **kwargs)
  File "C:\Users\pen-cock\PycharmProjects\DjangoProjects\.venv\Lib\site-packages\redis\connection.py", line 1483, in get_connection
    connection.connect()
    ~~~~~~~~~~~~~~~~~~^^
  File "C:\Users\pen-cock\PycharmProjects\DjangoProjects\.venv\Lib\site-packages\redis\connection.py", line 384, in connect
    raise ConnectionError(self._error_message(e))
redis.exceptions.ConnectionError: Error 10061 connecting to localhost:6379. Подключение не установлено, т.к. конечный компьютер отверг запрос на подключение.

During handling of the above exception, another exception occurred:

Traceback (most recent call last):
  File "C:\Users\pen-cock\PycharmProjects\DjangoProjects\.venv\Lib\site-packages\redis\connection.py", line 378, in connect
    sock = self.retry.call_with_retry(
        lambda: self._connect(), lambda error: self.disconnect(error)
    )
  File "C:\Users\pen-cock\PycharmProjects\DjangoProjects\.venv\Lib\site-packages\redis\retry.py", line 62, in call_with_retry
    return do()
  File "C:\Users\pen-cock\PycharmProjects\DjangoProjects\.venv\Lib\site-packages\redis\connection.py", line 379, in <lambda>
    lambda: self._connect(), lambda error: self.disconnect(error)
            ~~~~~~~~~~~~~^^
  File "C:\Users\pen-cock\PycharmProjects\DjangoProjects\.venv\Lib\site-packages\redis\connection.py", line 764, in _connect
    raise err
  File "C:\Users\pen-cock\PycharmProjects\DjangoProjects\.venv\Lib\site-packages\redis\connection.py", line 752, in _connect
    sock.connect(socket_address)
    ~~~~~~~~~~~~^^^^^^^^^^^^^^^^
ConnectionRefusedError: [WinError 10061] Подключение не установлено, т.к. конечный компьютер отверг запрос на подключение

During handling of the above exception, another exception occurred:

Traceback (most recent call last):
  File "C:\Users\pen-cock\PycharmProjects\DjangoProjects\.venv\Lib\site-packages\kombu\connection.py", line 472, in _reraise_as_library_errors
    yield
  File "C:\Users\pen-cock\PycharmProjects\DjangoProjects\.venv\Lib\site-packages\celery\app\base.py", line 921, in send_task
    self.backend.on_task_call(P, task_id)
    ~~~~~~~~~~~~~~~~~~~~~~~~~^^^^^^^^^^^^
  File "C:\Users\pen-cock\PycharmProjects\DjangoProjects\.venv\Lib\site-packages\celery\backends\redis.py", line 378, in on_task_call
    self.result_consumer.consume_from(task_id)
    ~~~~~~~~~~~~~~~~~~~~~~~~~~~~~~~~~^^^^^^^^^
  File "C:\Users\pen-cock\PycharmProjects\DjangoProjects\.venv\Lib\site-packages\celery\backends\redis.py", line 169, in consume_from
    return self.start(task_id)
           ~~~~~~~~~~^^^^^^^^^
  File "C:\Users\pen-cock\PycharmProjects\DjangoProjects\.venv\Lib\site-packages\celery\backends\redis.py", line 147, in start
    self._consume_from(initial_task_id)
    ~~~~~~~~~~~~~~~~~~^^^^^^^^^^^^^^^^^
  File "C:\Users\pen-cock\PycharmProjects\DjangoProjects\.venv\Lib\site-packages\celery\backends\redis.py", line 176, in _consume_from
    with self.reconnect_on_error():
         ~~~~~~~~~~~~~~~~~~~~~~~^^
  File "C:\Users\pen-cock\AppData\Local\Programs\Python\Python313\Lib\contextlib.py", line 162, in __exit__
    self.gen.throw(value)
    ~~~~~~~~~~~~~~^^^^^^^
  File "C:\Users\pen-cock\PycharmProjects\DjangoProjects\.venv\Lib\site-packages\celery\backends\redis.py", line 130, in reconnect_on_error
    self._ensure(self._reconnect_pubsub, ())
    ~~~~~~~~~~~~^^^^^^^^^^^^^^^^^^^^^^^^^^^^
  File "C:\Users\pen-cock\PycharmProjects\DjangoProjects\.venv\Lib\site-packages\celery\backends\redis.py", line 389, in ensure
    return retry_over_time(
        fun, self.connection_errors, args, {},
        partial(self.on_connection_error, max_retries),
        **retry_policy)
  File "C:\Users\pen-cock\PycharmProjects\DjangoProjects\.venv\Lib\site-packages\kombu\utils\functional.py", line 318, in retry_over_time
    return fun(*args, **kwargs)
  File "C:\Users\pen-cock\PycharmProjects\DjangoProjects\.venv\Lib\site-packages\celery\backends\redis.py", line 106, in _reconnect_pubsub
    metas = self.backend.client.mget(self.subscribed_to)
  File "C:\Users\pen-cock\PycharmProjects\DjangoProjects\.venv\Lib\site-packages\redis\commands\core.py", line 2009, in mget
    return self.execute_command("MGET", *args, **options)
           ~~~~~~~~~~~~~~~~~~~~^^^^^^^^^^^^^^^^^^^^^^^^^^
  File "C:\Users\pen-cock\PycharmProjects\DjangoProjects\.venv\Lib\site-packages\redis\client.py", line 605, in execute_command
    return self._execute_command(*args, **options)
           ~~~~~~~~~~~~~~~~~~~~~^^^^^^^^^^^^^^^^^^
  File "C:\Users\pen-cock\PycharmProjects\DjangoProjects\.venv\Lib\site-packages\redis\client.py", line 611, in _execute_command
    conn = self.connection or pool.get_connection()
                              ~~~~~~~~~~~~~~~~~~~^^
  File "C:\Users\pen-cock\PycharmProjects\DjangoProjects\.venv\Lib\site-packages\redis\utils.py", line 183, in wrapper
    return func(*args, **kwargs)
  File "C:\Users\pen-cock\PycharmProjects\DjangoProjects\.venv\Lib\site-packages\redis\connection.py", line 1483, in get_connection
    connection.connect()
    ~~~~~~~~~~~~~~~~~~^^
  File "C:\Users\pen-cock\PycharmProjects\DjangoProjects\.venv\Lib\site-packages\redis\connection.py", line 384, in connect
    raise ConnectionError(self._error_message(e))
redis.exceptions.ConnectionError: Error 10061 connecting to localhost:6379. Подключение не установлено, т.к. конечный компьютер отверг запрос на подключение.

The above exception was the direct cause of the following exception:

Traceback (most recent call last):
  File "C:\Users\pen-cock\PycharmProjects\DjangoProjects\.venv\Lib\site-packages\django\core\handlers\exception.py", line 55, in inner
    response = get_response(request)
  File "C:\Users\pen-cock\PycharmProjects\DjangoProjects\.venv\Lib\site-packages\django\core\handlers\base.py", line 197, in _get_response
    response = wrapped_callback(request, *callback_args, **callback_kwargs)
  File "C:\Users\pen-cock\PycharmProjects\DjangoProjects\.venv\Lib\site-packages\django\utils\decorators.py", line 188, in _view_wrapper
    result = _process_exception(request, e)
  File "C:\Users\pen-cock\PycharmProjects\DjangoProjects\.venv\Lib\site-packages\django\utils\decorators.py", line 186, in _view_wrapper
    response = view_func(request, *args, **kwargs)
  File "C:\Users\pen-cock\PycharmProjects\DjangoProjects\.venv\Lib\site-packages\django\views\generic\base.py", line 104, in view
    return self.dispatch(request, *args, **kwargs)
           ~~~~~~~~~~~~~^^^^^^^^^^^^^^^^^^^^^^^^^^
  File "C:\Users\pen-cock\PycharmProjects\DjangoProjects\.venv\Lib\site-packages\django\contrib\auth\mixins.py", line 73, in dispatch
    return super().dispatch(request, *args, **kwargs)
           ~~~~~~~~~~~~~~~~^^^^^^^^^^^^^^^^^^^^^^^^^^
  File "C:\Users\pen-cock\PycharmProjects\DjangoProjects\Newspaper\Newspaper\news\mixins.py", line 30, in dispatch
    return super().dispatch(request, *args, **kwargs)
           ~~~~~~~~~~~~~~~~^^^^^^^^^^^^^^^^^^^^^^^^^^
  File "C:\Users\pen-cock\PycharmProjects\DjangoProjects\.venv\Lib\site-packages\django\views\generic\base.py", line 143, in dispatch
    return handler(request, *args, **kwargs)
  File "C:\Users\pen-cock\PycharmProjects\DjangoProjects\.venv\Lib\site-packages\django\views\generic\edit.py", line 182, in post
    return super().post(request, *args, **kwargs)
           ~~~~~~~~~~~~^^^^^^^^^^^^^^^^^^^^^^^^^^
  File "C:\Users\pen-cock\PycharmProjects\DjangoProjects\.venv\Lib\site-packages\django\views\generic\edit.py", line 151, in post
    return self.form_valid(form)
           ~~~~~~~~~~~~~~~^^^^^^
  File "C:\Users\pen-cock\PycharmProjects\DjangoProjects\Newspaper\Newspaper\news\views.py", line 79, in form_valid
    return super().form_valid(form)
           ~~~~~~~~~~~~~~~~~~^^^^^^
  File "C:\Users\pen-cock\PycharmProjects\DjangoProjects\.venv\Lib\site-packages\django\views\generic\edit.py", line 133, in form_valid
    self.object = form.save()
                  ~~~~~~~~~^^
  File "C:\Users\pen-cock\PycharmProjects\DjangoProjects\.venv\Lib\site-packages\django\forms\models.py", line 554, in save
    self.instance.save()
    ~~~~~~~~~~~~~~~~~~^^
  File "C:\Users\pen-cock\PycharmProjects\DjangoProjects\.venv\Lib\site-packages\django\db\models\base.py", line 892, in save
    self.save_base(
    ~~~~~~~~~~~~~~^
        using=using,
        ^^^^^^^^^^^^
    ...<2 lines>...
        update_fields=update_fields,
        ^^^^^^^^^^^^^^^^^^^^^^^^^^^^
    )
    ^
  File "C:\Users\pen-cock\PycharmProjects\DjangoProjects\.venv\Lib\site-packages\django\db\models\base.py", line 1013, in save_base
    post_save.send(
    ~~~~~~~~~~~~~~^
        sender=origin,
        ^^^^^^^^^^^^^^
    ...<4 lines>...
        using=using,
        ^^^^^^^^^^^^
    )
    ^
  File "C:\Users\pen-cock\PycharmProjects\DjangoProjects\.venv\Lib\site-packages\django\dispatch\dispatcher.py", line 189, in send
    response = receiver(signal=self, sender=sender, **named)
  File "C:\Users\pen-cock\PycharmProjects\DjangoProjects\Newspaper\Newspaper\news\models.py", line 101, in post_created
    notify_subscribers.delay(instance.id)
    ~~~~~~~~~~~~~~~~~~~~~~~~^^^^^^^^^^^^^
  File "C:\Users\pen-cock\PycharmProjects\DjangoProjects\.venv\Lib\site-packages\celery\app\task.py", line 444, in delay
    return self.apply_async(args, kwargs)
           ~~~~~~~~~~~~~~~~^^^^^^^^^^^^^^
  File "C:\Users\pen-cock\PycharmProjects\DjangoProjects\.venv\Lib\site-packages\celery\app\task.py", line 601, in apply_async
    return app.send_task(
           ~~~~~~~~~~~~~^
        self.name, args, kwargs, task_id=task_id, producer=producer,
        ^^^^^^^^^^^^^^^^^^^^^^^^^^^^^^^^^^^^^^^^^^^^^^^^^^^^^^^^^^^^
    ...<2 lines>...
        **options
        ^^^^^^^^^
    )
    ^
  File "C:\Users\pen-cock\PycharmProjects\DjangoProjects\.venv\Lib\site-packages\celery\app\base.py", line 919, in send_task
    with P.connection._reraise_as_library_errors():
         ~~~~~~~~~~~~~~~~~~~~~~~~~~~~~~~~~~~~~~~^^
  File "C:\Users\pen-cock\AppData\Local\Programs\Python\Python313\Lib\contextlib.py", line 162, in __exit__
    self.gen.throw(value)
    ~~~~~~~~~~~~~~^^^^^^^
  File "C:\Users\pen-cock\PycharmProjects\DjangoProjects\.venv\Lib\site-packages\kombu\connection.py", line 476, in _reraise_as_library_errors
    raise ConnectionError(str(exc)) from exc
kombu.exceptions.OperationalError: Error 10061 connecting to localhost:6379. Подключение не установлено, т.к. конечный компьютер отверг запрос на подключение.
2025-06-30 14:28:50,361 ERROR "POST /news/news/create/ HTTP/1.1" 500 351804 C:\Users\pen-cock\PycharmProjects\DjangoProjects\.venv\Lib\site-packages\django\core\servers\basehttp.py
None
2025-07-03 12:46:12,793 ERROR Internal Server Error: /news/83/ C:\Users\pen-cock\PycharmProjects\DjangoProjects\.venv\Lib\site-packages\django\utils\log.py
(<class 'django.urls.exceptions.NoReverseMatch'>, NoReverseMatch("Reverse for 'comment_create' not found. 'comment_create' is not a valid view function or pattern name."), <traceback object at 0x0000028D82C7CB80>)
Traceback (most recent call last):
  File "C:\Users\pen-cock\PycharmProjects\DjangoProjects\.venv\Lib\site-packages\django\core\handlers\exception.py", line 55, in inner
    response = get_response(request)
  File "C:\Users\pen-cock\PycharmProjects\DjangoProjects\.venv\Lib\site-packages\django\core\handlers\base.py", line 220, in _get_response
    response = response.render()
  File "C:\Users\pen-cock\PycharmProjects\DjangoProjects\.venv\Lib\site-packages\django\template\response.py", line 114, in render
    self.content = self.rendered_content
                   ^^^^^^^^^^^^^^^^^^^^^
  File "C:\Users\pen-cock\PycharmProjects\DjangoProjects\.venv\Lib\site-packages\django\template\response.py", line 92, in rendered_content
    return template.render(context, self._request)
           ~~~~~~~~~~~~~~~^^^^^^^^^^^^^^^^^^^^^^^^
  File "C:\Users\pen-cock\PycharmProjects\DjangoProjects\.venv\Lib\site-packages\django\template\backends\django.py", line 107, in render
    return self.template.render(context)
           ~~~~~~~~~~~~~~~~~~~~^^^^^^^^^
  File "C:\Users\pen-cock\PycharmProjects\DjangoProjects\.venv\Lib\site-packages\django\template\base.py", line 171, in render
    return self._render(context)
           ~~~~~~~~~~~~^^^^^^^^^
  File "C:\Users\pen-cock\PycharmProjects\DjangoProjects\.venv\Lib\site-packages\django\template\base.py", line 163, in _render
    return self.nodelist.render(context)
           ~~~~~~~~~~~~~~~~~~~~^^^^^^^^^
  File "C:\Users\pen-cock\PycharmProjects\DjangoProjects\.venv\Lib\site-packages\django\template\base.py", line 1008, in render
    return SafeString("".join([node.render_annotated(context) for node in self]))
                               ~~~~~~~~~~~~~~~~~~~~~^^^^^^^^^
  File "C:\Users\pen-cock\PycharmProjects\DjangoProjects\.venv\Lib\site-packages\django\template\base.py", line 969, in render_annotated
    return self.render(context)
           ~~~~~~~~~~~^^^^^^^^^
  File "C:\Users\pen-cock\PycharmProjects\DjangoProjects\.venv\Lib\site-packages\django\template\loader_tags.py", line 159, in render
    return compiled_parent._render(context)
           ~~~~~~~~~~~~~~~~~~~~~~~^^^^^^^^^
  File "C:\Users\pen-cock\PycharmProjects\DjangoProjects\.venv\Lib\site-packages\django\template\base.py", line 163, in _render
    return self.nodelist.render(context)
           ~~~~~~~~~~~~~~~~~~~~^^^^^^^^^
  File "C:\Users\pen-cock\PycharmProjects\DjangoProjects\.venv\Lib\site-packages\django\template\base.py", line 1008, in render
    return SafeString("".join([node.render_annotated(context) for node in self]))
                               ~~~~~~~~~~~~~~~~~~~~~^^^^^^^^^
  File "C:\Users\pen-cock\PycharmProjects\DjangoProjects\.venv\Lib\site-packages\django\template\base.py", line 969, in render_annotated
    return self.render(context)
           ~~~~~~~~~~~^^^^^^^^^
  File "C:\Users\pen-cock\PycharmProjects\DjangoProjects\.venv\Lib\site-packages\django\template\loader_tags.py", line 65, in render
    result = block.nodelist.render(context)
  File "C:\Users\pen-cock\PycharmProjects\DjangoProjects\.venv\Lib\site-packages\django\template\base.py", line 1008, in render
    return SafeString("".join([node.render_annotated(context) for node in self]))
                               ~~~~~~~~~~~~~~~~~~~~~^^^^^^^^^
  File "C:\Users\pen-cock\PycharmProjects\DjangoProjects\.venv\Lib\site-packages\django\template\base.py", line 969, in render_annotated
    return self.render(context)
           ~~~~~~~~~~~^^^^^^^^^
  File "C:\Users\pen-cock\PycharmProjects\DjangoProjects\.venv\Lib\site-packages\django\template\defaulttags.py", line 480, in render
    url = reverse(view_name, args=args, kwargs=kwargs, current_app=current_app)
  File "C:\Users\pen-cock\PycharmProjects\DjangoProjects\.venv\Lib\site-packages\django\urls\base.py", line 88, in reverse
    return resolver._reverse_with_prefix(view, prefix, *args, **kwargs)
           ~~~~~~~~~~~~~~~~~~~~~~~~~~~~~^^^^^^^^^^^^^^^^^^^^^^^^^^^^^^^
  File "C:\Users\pen-cock\PycharmProjects\DjangoProjects\.venv\Lib\site-packages\django\urls\resolvers.py", line 831, in _reverse_with_prefix
    raise NoReverseMatch(msg)
django.urls.exceptions.NoReverseMatch: Reverse for 'comment_create' not found. 'comment_create' is not a valid view function or pattern name.
2025-07-03 12:46:12,799 ERROR "GET /news/83/ HTTP/1.1" 500 161330 C:\Users\pen-cock\PycharmProjects\DjangoProjects\.venv\Lib\site-packages\django\core\servers\basehttp.py
None
2025-07-03 12:50:24,424 ERROR Internal Server Error: /news/83/comment/ C:\Users\pen-cock\PycharmProjects\DjangoProjects\.venv\Lib\site-packages\django\utils\log.py
(<class 'django.template.exceptions.TemplateSyntaxError'>, TemplateSyntaxError("'censor' is not a registered tag library. Must be one of:\naccount\nadmin_list\nadmin_modify\nadmin_urls\nallauth\ncache\ncensor_filter\nflatpages\ni18n\nl10n\nlog\nsocialaccount\nstatic\ntz"), <traceback object at 0x000001B8F504A500>)
Traceback (most recent call last):
  File "C:\Users\pen-cock\PycharmProjects\DjangoProjects\.venv\Lib\site-packages\django\template\defaulttags.py", line 1035, in find_library
    return parser.libraries[name]
           ~~~~~~~~~~~~~~~~^^^^^^
KeyError: 'censor'

During handling of the above exception, another exception occurred:

Traceback (most recent call last):
  File "C:\Users\pen-cock\PycharmProjects\DjangoProjects\.venv\Lib\site-packages\django\core\handlers\exception.py", line 55, in inner
    response = get_response(request)
  File "C:\Users\pen-cock\PycharmProjects\DjangoProjects\.venv\Lib\site-packages\django\core\handlers\base.py", line 220, in _get_response
    response = response.render()
  File "C:\Users\pen-cock\PycharmProjects\DjangoProjects\.venv\Lib\site-packages\django\template\response.py", line 114, in render
    self.content = self.rendered_content
                   ^^^^^^^^^^^^^^^^^^^^^
  File "C:\Users\pen-cock\PycharmProjects\DjangoProjects\.venv\Lib\site-packages\django\template\response.py", line 90, in rendered_content
    template = self.resolve_template(self.template_name)
  File "C:\Users\pen-cock\PycharmProjects\DjangoProjects\.venv\Lib\site-packages\django\template\response.py", line 72, in resolve_template
    return select_template(template, using=self.using)
  File "C:\Users\pen-cock\PycharmProjects\DjangoProjects\.venv\Lib\site-packages\django\template\loader.py", line 42, in select_template
    return engine.get_template(template_name)
           ~~~~~~~~~~~~~~~~~~~^^^^^^^^^^^^^^^
  File "C:\Users\pen-cock\PycharmProjects\DjangoProjects\.venv\Lib\site-packages\django\template\backends\django.py", line 79, in get_template
    return Template(self.engine.get_template(template_name), self)
                    ~~~~~~~~~~~~~~~~~~~~~~~~^^^^^^^^^^^^^^^
  File "C:\Users\pen-cock\PycharmProjects\DjangoProjects\.venv\Lib\site-packages\django\template\engine.py", line 177, in get_template
    template, origin = self.find_template(template_name)
                       ~~~~~~~~~~~~~~~~~~^^^^^^^^^^^^^^^
  File "C:\Users\pen-cock\PycharmProjects\DjangoProjects\.venv\Lib\site-packages\django\template\engine.py", line 159, in find_template
    template = loader.get_template(name, skip=skip)
  File "C:\Users\pen-cock\PycharmProjects\DjangoProjects\.venv\Lib\site-packages\django\template\loaders\cached.py", line 57, in get_template
    template = super().get_template(template_name, skip)
  File "C:\Users\pen-cock\PycharmProjects\DjangoProjects\.venv\Lib\site-packages\django\template\loaders\base.py", line 28, in get_template
    return Template(
        contents,
    ...<2 lines>...
        self.engine,
    )
  File "C:\Users\pen-cock\PycharmProjects\DjangoProjects\.venv\Lib\site-packages\django\template\base.py", line 154, in __init__
    self.nodelist = self.compile_nodelist()
                    ~~~~~~~~~~~~~~~~~~~~~^^
  File "C:\Users\pen-cock\PycharmProjects\DjangoProjects\.venv\Lib\site-packages\django\template\base.py", line 196, in compile_nodelist
    nodelist = parser.parse()
  File "C:\Users\pen-cock\PycharmProjects\DjangoProjects\.venv\Lib\site-packages\django\template\base.py", line 518, in parse
    raise self.error(token, e)
  File "C:\Users\pen-cock\PycharmProjects\DjangoProjects\.venv\Lib\site-packages\django\template\base.py", line 516, in parse
    compiled_result = compile_func(self, token)
  File "C:\Users\pen-cock\PycharmProjects\DjangoProjects\.venv\Lib\site-packages\django\template\loader_tags.py", line 295, in do_extends
    nodelist = parser.parse()
  File "C:\Users\pen-cock\PycharmProjects\DjangoProjects\.venv\Lib\site-packages\django\template\base.py", line 518, in parse
    raise self.error(token, e)
  File "C:\Users\pen-cock\PycharmProjects\DjangoProjects\.venv\Lib\site-packages\django\template\base.py", line 516, in parse
    compiled_result = compile_func(self, token)
  File "C:\Users\pen-cock\PycharmProjects\DjangoProjects\.venv\Lib\site-packages\django\template\defaulttags.py", line 1097, in load
    lib = find_library(parser, name)
  File "C:\Users\pen-cock\PycharmProjects\DjangoProjects\.venv\Lib\site-packages\django\template\defaulttags.py", line 1037, in find_library
    raise TemplateSyntaxError(
    ...<5 lines>...
    )
django.template.exceptions.TemplateSyntaxError: 'censor' is not a registered tag library. Must be one of:
account
admin_list
admin_modify
admin_urls
allauth
cache
censor_filter
flatpages
i18n
l10n
log
socialaccount
static
tz
2025-07-03 12:50:24,430 ERROR "GET /news/83/comment/ HTTP/1.1" 500 172578 C:\Users\pen-cock\PycharmProjects\DjangoProjects\.venv\Lib\site-packages\django\core\servers\basehttp.py
None
2025-07-04 12:59:06,968 ERROR Internal Server Error: /news/80/comment/ C:\Users\pen-cock\PycharmProjects\DjangoProjects\.venv\Lib\site-packages\django\utils\log.py
(<class 'django.template.exceptions.TemplateSyntaxError'>, TemplateSyntaxError("'censor' is not a registered tag library. Must be one of:\naccount\nadmin_list\nadmin_modify\nadmin_urls\nallauth\ncache\ncensor_filter\nflatpages\ni18n\nl10n\nlog\nsocialaccount\nstatic\ntz"), <traceback object at 0x000001A624C0C1C0>)
Traceback (most recent call last):
  File "C:\Users\pen-cock\PycharmProjects\DjangoProjects\.venv\Lib\site-packages\django\template\defaulttags.py", line 1035, in find_library
    return parser.libraries[name]
           ~~~~~~~~~~~~~~~~^^^^^^
KeyError: 'censor'

During handling of the above exception, another exception occurred:

Traceback (most recent call last):
  File "C:\Users\pen-cock\PycharmProjects\DjangoProjects\.venv\Lib\site-packages\django\core\handlers\exception.py", line 55, in inner
    response = get_response(request)
  File "C:\Users\pen-cock\PycharmProjects\DjangoProjects\.venv\Lib\site-packages\django\core\handlers\base.py", line 220, in _get_response
    response = response.render()
  File "C:\Users\pen-cock\PycharmProjects\DjangoProjects\.venv\Lib\site-packages\django\template\response.py", line 114, in render
    self.content = self.rendered_content
                   ^^^^^^^^^^^^^^^^^^^^^
  File "C:\Users\pen-cock\PycharmProjects\DjangoProjects\.venv\Lib\site-packages\django\template\response.py", line 90, in rendered_content
    template = self.resolve_template(self.template_name)
  File "C:\Users\pen-cock\PycharmProjects\DjangoProjects\.venv\Lib\site-packages\django\template\response.py", line 72, in resolve_template
    return select_template(template, using=self.using)
  File "C:\Users\pen-cock\PycharmProjects\DjangoProjects\.venv\Lib\site-packages\django\template\loader.py", line 42, in select_template
    return engine.get_template(template_name)
           ~~~~~~~~~~~~~~~~~~~^^^^^^^^^^^^^^^
  File "C:\Users\pen-cock\PycharmProjects\DjangoProjects\.venv\Lib\site-packages\django\template\backends\django.py", line 79, in get_template
    return Template(self.engine.get_template(template_name), self)
                    ~~~~~~~~~~~~~~~~~~~~~~~~^^^^^^^^^^^^^^^
  File "C:\Users\pen-cock\PycharmProjects\DjangoProjects\.venv\Lib\site-packages\django\template\engine.py", line 177, in get_template
    template, origin = self.find_template(template_name)
                       ~~~~~~~~~~~~~~~~~~^^^^^^^^^^^^^^^
  File "C:\Users\pen-cock\PycharmProjects\DjangoProjects\.venv\Lib\site-packages\django\template\engine.py", line 159, in find_template
    template = loader.get_template(name, skip=skip)
  File "C:\Users\pen-cock\PycharmProjects\DjangoProjects\.venv\Lib\site-packages\django\template\loaders\cached.py", line 57, in get_template
    template = super().get_template(template_name, skip)
  File "C:\Users\pen-cock\PycharmProjects\DjangoProjects\.venv\Lib\site-packages\django\template\loaders\base.py", line 28, in get_template
    return Template(
        contents,
    ...<2 lines>...
        self.engine,
    )
  File "C:\Users\pen-cock\PycharmProjects\DjangoProjects\.venv\Lib\site-packages\django\template\base.py", line 154, in __init__
    self.nodelist = self.compile_nodelist()
                    ~~~~~~~~~~~~~~~~~~~~~^^
  File "C:\Users\pen-cock\PycharmProjects\DjangoProjects\.venv\Lib\site-packages\django\template\base.py", line 196, in compile_nodelist
    nodelist = parser.parse()
  File "C:\Users\pen-cock\PycharmProjects\DjangoProjects\.venv\Lib\site-packages\django\template\base.py", line 518, in parse
    raise self.error(token, e)
  File "C:\Users\pen-cock\PycharmProjects\DjangoProjects\.venv\Lib\site-packages\django\template\base.py", line 516, in parse
    compiled_result = compile_func(self, token)
  File "C:\Users\pen-cock\PycharmProjects\DjangoProjects\.venv\Lib\site-packages\django\template\loader_tags.py", line 295, in do_extends
    nodelist = parser.parse()
  File "C:\Users\pen-cock\PycharmProjects\DjangoProjects\.venv\Lib\site-packages\django\template\base.py", line 518, in parse
    raise self.error(token, e)
  File "C:\Users\pen-cock\PycharmProjects\DjangoProjects\.venv\Lib\site-packages\django\template\base.py", line 516, in parse
    compiled_result = compile_func(self, token)
  File "C:\Users\pen-cock\PycharmProjects\DjangoProjects\.venv\Lib\site-packages\django\template\defaulttags.py", line 1097, in load
    lib = find_library(parser, name)
  File "C:\Users\pen-cock\PycharmProjects\DjangoProjects\.venv\Lib\site-packages\django\template\defaulttags.py", line 1037, in find_library
    raise TemplateSyntaxError(
    ...<5 lines>...
    )
django.template.exceptions.TemplateSyntaxError: 'censor' is not a registered tag library. Must be one of:
account
admin_list
admin_modify
admin_urls
allauth
cache
censor_filter
flatpages
i18n
l10n
log
socialaccount
static
tz
2025-07-04 12:59:06,974 ERROR "GET /news/80/comment/ HTTP/1.1" 500 172578 C:\Users\pen-cock\PycharmProjects\DjangoProjects\.venv\Lib\site-packages\django\core\servers\basehttp.py
None
2025-07-04 12:59:53,957 ERROR Internal Server Error: /news/80/comment/ C:\Users\pen-cock\PycharmProjects\DjangoProjects\.venv\Lib\site-packages\django\utils\log.py
(<class 'django.urls.exceptions.NoReverseMatch'>, NoReverseMatch("Reverse for 'posts_detail' not found. 'posts_detail' is not a valid view function or pattern name."), <traceback object at 0x000001A6249F48C0>)
Traceback (most recent call last):
  File "C:\Users\pen-cock\PycharmProjects\DjangoProjects\.venv\Lib\site-packages\django\core\handlers\exception.py", line 55, in inner
    response = get_response(request)
  File "C:\Users\pen-cock\PycharmProjects\DjangoProjects\.venv\Lib\site-packages\django\core\handlers\base.py", line 197, in _get_response
    response = wrapped_callback(request, *callback_args, **callback_kwargs)
  File "C:\Users\pen-cock\PycharmProjects\DjangoProjects\.venv\Lib\site-packages\django\views\generic\base.py", line 104, in view
    return self.dispatch(request, *args, **kwargs)
           ~~~~~~~~~~~~~^^^^^^^^^^^^^^^^^^^^^^^^^^
  File "C:\Users\pen-cock\PycharmProjects\DjangoProjects\.venv\Lib\site-packages\django\contrib\auth\mixins.py", line 73, in dispatch
    return super().dispatch(request, *args, **kwargs)
           ~~~~~~~~~~~~~~~~^^^^^^^^^^^^^^^^^^^^^^^^^^
  File "C:\Users\pen-cock\PycharmProjects\DjangoProjects\.venv\Lib\site-packages\django\views\generic\base.py", line 143, in dispatch
    return handler(request, *args, **kwargs)
  File "C:\Users\pen-cock\PycharmProjects\DjangoProjects\.venv\Lib\site-packages\django\views\generic\edit.py", line 182, in post
    return super().post(request, *args, **kwargs)
           ~~~~~~~~~~~~^^^^^^^^^^^^^^^^^^^^^^^^^^
  File "C:\Users\pen-cock\PycharmProjects\DjangoProjects\.venv\Lib\site-packages\django\views\generic\edit.py", line 151, in post
    return self.form_valid(form)
           ~~~~~~~~~~~~~~~^^^^^^
  File "C:\Users\pen-cock\PycharmProjects\DjangoProjects\Newspaper\Newspaper\news\views.py", line 90, in form_valid
    return super().form_valid(form)
           ~~~~~~~~~~~~~~~~~~^^^^^^
  File "C:\Users\pen-cock\PycharmProjects\DjangoProjects\.venv\Lib\site-packages\django\views\generic\edit.py", line 134, in form_valid
    return super().form_valid(form)
           ~~~~~~~~~~~~~~~~~~^^^^^^
  File "C:\Users\pen-cock\PycharmProjects\DjangoProjects\.venv\Lib\site-packages\django\views\generic\edit.py", line 63, in form_valid
    return HttpResponseRedirect(self.get_success_url())
                                ~~~~~~~~~~~~~~~~~~~~^^
  File "C:\Users\pen-cock\PycharmProjects\DjangoProjects\.venv\Lib\site-packages\django\views\generic\edit.py", line 119, in get_success_url
    if self.success_url:
       ^^^^^^^^^^^^^^^^
  File "C:\Users\pen-cock\PycharmProjects\DjangoProjects\.venv\Lib\site-packages\django\utils\functional.py", line 187, in __wrapper__
    result = func(*self._args, **self._kw)
  File "C:\Users\pen-cock\PycharmProjects\DjangoProjects\.venv\Lib\site-packages\django\urls\base.py", line 88, in reverse
    return resolver._reverse_with_prefix(view, prefix, *args, **kwargs)
           ~~~~~~~~~~~~~~~~~~~~~~~~~~~~~^^^^^^^^^^^^^^^^^^^^^^^^^^^^^^^
  File "C:\Users\pen-cock\PycharmProjects\DjangoProjects\.venv\Lib\site-packages\django\urls\resolvers.py", line 831, in _reverse_with_prefix
    raise NoReverseMatch(msg)
django.urls.exceptions.NoReverseMatch: Reverse for 'posts_detail' not found. 'posts_detail' is not a valid view function or pattern name.
2025-07-04 12:59:53,961 ERROR "POST /news/80/comment/ HTTP/1.1" 500 130716 C:\Users\pen-cock\PycharmProjects\DjangoProjects\.venv\Lib\site-packages\django\core\servers\basehttp.py
None
2025-07-04 13:00:36,945 ERROR Internal Server Error: /news/80/comment/ C:\Users\pen-cock\PycharmProjects\DjangoProjects\.venv\Lib\site-packages\django\utils\log.py
(<class 'django.urls.exceptions.NoReverseMatch'>, NoReverseMatch("Reverse for 'post_detail' with no arguments not found. 1 pattern(s) tried: ['news/(?P<pk>[0-9]+)/\\\\Z']"), <traceback object at 0x000001A99AB2BE80>)
Traceback (most recent call last):
  File "C:\Users\pen-cock\PycharmProjects\DjangoProjects\.venv\Lib\site-packages\django\core\handlers\exception.py", line 55, in inner
    response = get_response(request)
  File "C:\Users\pen-cock\PycharmProjects\DjangoProjects\.venv\Lib\site-packages\django\core\handlers\base.py", line 197, in _get_response
    response = wrapped_callback(request, *callback_args, **callback_kwargs)
  File "C:\Users\pen-cock\PycharmProjects\DjangoProjects\.venv\Lib\site-packages\django\views\generic\base.py", line 104, in view
    return self.dispatch(request, *args, **kwargs)
           ~~~~~~~~~~~~~^^^^^^^^^^^^^^^^^^^^^^^^^^
  File "C:\Users\pen-cock\PycharmProjects\DjangoProjects\.venv\Lib\site-packages\django\contrib\auth\mixins.py", line 73, in dispatch
    return super().dispatch(request, *args, **kwargs)
           ~~~~~~~~~~~~~~~~^^^^^^^^^^^^^^^^^^^^^^^^^^
  File "C:\Users\pen-cock\PycharmProjects\DjangoProjects\.venv\Lib\site-packages\django\views\generic\base.py", line 143, in dispatch
    return handler(request, *args, **kwargs)
  File "C:\Users\pen-cock\PycharmProjects\DjangoProjects\.venv\Lib\site-packages\django\views\generic\edit.py", line 182, in post
    return super().post(request, *args, **kwargs)
           ~~~~~~~~~~~~^^^^^^^^^^^^^^^^^^^^^^^^^^
  File "C:\Users\pen-cock\PycharmProjects\DjangoProjects\.venv\Lib\site-packages\django\views\generic\edit.py", line 151, in post
    return self.form_valid(form)
           ~~~~~~~~~~~~~~~^^^^^^
  File "C:\Users\pen-cock\PycharmProjects\DjangoProjects\Newspaper\Newspaper\news\views.py", line 90, in form_valid
    return super().form_valid(form)
           ~~~~~~~~~~~~~~~~~~^^^^^^
  File "C:\Users\pen-cock\PycharmProjects\DjangoProjects\.venv\Lib\site-packages\django\views\generic\edit.py", line 134, in form_valid
    return super().form_valid(form)
           ~~~~~~~~~~~~~~~~~~^^^^^^
  File "C:\Users\pen-cock\PycharmProjects\DjangoProjects\.venv\Lib\site-packages\django\views\generic\edit.py", line 63, in form_valid
    return HttpResponseRedirect(self.get_success_url())
                                ~~~~~~~~~~~~~~~~~~~~^^
  File "C:\Users\pen-cock\PycharmProjects\DjangoProjects\.venv\Lib\site-packages\django\views\generic\edit.py", line 119, in get_success_url
    if self.success_url:
       ^^^^^^^^^^^^^^^^
  File "C:\Users\pen-cock\PycharmProjects\DjangoProjects\.venv\Lib\site-packages\django\utils\functional.py", line 187, in __wrapper__
    result = func(*self._args, **self._kw)
  File "C:\Users\pen-cock\PycharmProjects\DjangoProjects\.venv\Lib\site-packages\django\urls\base.py", line 88, in reverse
    return resolver._reverse_with_prefix(view, prefix, *args, **kwargs)
           ~~~~~~~~~~~~~~~~~~~~~~~~~~~~~^^^^^^^^^^^^^^^^^^^^^^^^^^^^^^^
  File "C:\Users\pen-cock\PycharmProjects\DjangoProjects\.venv\Lib\site-packages\django\urls\resolvers.py", line 831, in _reverse_with_prefix
    raise NoReverseMatch(msg)
django.urls.exceptions.NoReverseMatch: Reverse for 'post_detail' with no arguments not found. 1 pattern(s) tried: ['news/(?P<pk>[0-9]+)/\\Z']
2025-07-04 13:00:36,951 ERROR "POST /news/80/comment/ HTTP/1.1" 500 132343 C:\Users\pen-cock\PycharmProjects\DjangoProjects\.venv\Lib\site-packages\django\core\servers\basehttp.py
None
2025-07-04 13:00:44,258 ERROR Internal Server Error: /news/80/comment/ C:\Users\pen-cock\PycharmProjects\DjangoProjects\.venv\Lib\site-packages\django\utils\log.py
(<class 'django.urls.exceptions.NoReverseMatch'>, NoReverseMatch("Reverse for 'post_detail' with no arguments not found. 1 pattern(s) tried: ['news/(?P<pk>[0-9]+)/\\\\Z']"), <traceback object at 0x000001A99A9AD000>)
Traceback (most recent call last):
  File "C:\Users\pen-cock\PycharmProjects\DjangoProjects\.venv\Lib\site-packages\django\core\handlers\exception.py", line 55, in inner
    response = get_response(request)
  File "C:\Users\pen-cock\PycharmProjects\DjangoProjects\.venv\Lib\site-packages\django\core\handlers\base.py", line 197, in _get_response
    response = wrapped_callback(request, *callback_args, **callback_kwargs)
  File "C:\Users\pen-cock\PycharmProjects\DjangoProjects\.venv\Lib\site-packages\django\views\generic\base.py", line 104, in view
    return self.dispatch(request, *args, **kwargs)
           ~~~~~~~~~~~~~^^^^^^^^^^^^^^^^^^^^^^^^^^
  File "C:\Users\pen-cock\PycharmProjects\DjangoProjects\.venv\Lib\site-packages\django\contrib\auth\mixins.py", line 73, in dispatch
    return super().dispatch(request, *args, **kwargs)
           ~~~~~~~~~~~~~~~~^^^^^^^^^^^^^^^^^^^^^^^^^^
  File "C:\Users\pen-cock\PycharmProjects\DjangoProjects\.venv\Lib\site-packages\django\views\generic\base.py", line 143, in dispatch
    return handler(request, *args, **kwargs)
  File "C:\Users\pen-cock\PycharmProjects\DjangoProjects\.venv\Lib\site-packages\django\views\generic\edit.py", line 182, in post
    return super().post(request, *args, **kwargs)
           ~~~~~~~~~~~~^^^^^^^^^^^^^^^^^^^^^^^^^^
  File "C:\Users\pen-cock\PycharmProjects\DjangoProjects\.venv\Lib\site-packages\django\views\generic\edit.py", line 151, in post
    return self.form_valid(form)
           ~~~~~~~~~~~~~~~^^^^^^
  File "C:\Users\pen-cock\PycharmProjects\DjangoProjects\Newspaper\Newspaper\news\views.py", line 90, in form_valid
    return super().form_valid(form)
           ~~~~~~~~~~~~~~~~~~^^^^^^
  File "C:\Users\pen-cock\PycharmProjects\DjangoProjects\.venv\Lib\site-packages\django\views\generic\edit.py", line 134, in form_valid
    return super().form_valid(form)
           ~~~~~~~~~~~~~~~~~~^^^^^^
  File "C:\Users\pen-cock\PycharmProjects\DjangoProjects\.venv\Lib\site-packages\django\views\generic\edit.py", line 63, in form_valid
    return HttpResponseRedirect(self.get_success_url())
                                ~~~~~~~~~~~~~~~~~~~~^^
  File "C:\Users\pen-cock\PycharmProjects\DjangoProjects\.venv\Lib\site-packages\django\views\generic\edit.py", line 119, in get_success_url
    if self.success_url:
       ^^^^^^^^^^^^^^^^
  File "C:\Users\pen-cock\PycharmProjects\DjangoProjects\.venv\Lib\site-packages\django\utils\functional.py", line 187, in __wrapper__
    result = func(*self._args, **self._kw)
  File "C:\Users\pen-cock\PycharmProjects\DjangoProjects\.venv\Lib\site-packages\django\urls\base.py", line 88, in reverse
    return resolver._reverse_with_prefix(view, prefix, *args, **kwargs)
           ~~~~~~~~~~~~~~~~~~~~~~~~~~~~~^^^^^^^^^^^^^^^^^^^^^^^^^^^^^^^
  File "C:\Users\pen-cock\PycharmProjects\DjangoProjects\.venv\Lib\site-packages\django\urls\resolvers.py", line 831, in _reverse_with_prefix
    raise NoReverseMatch(msg)
django.urls.exceptions.NoReverseMatch: Reverse for 'post_detail' with no arguments not found. 1 pattern(s) tried: ['news/(?P<pk>[0-9]+)/\\Z']
2025-07-04 13:00:44,262 ERROR "POST /news/80/comment/ HTTP/1.1" 500 132343 C:\Users\pen-cock\PycharmProjects\DjangoProjects\.venv\Lib\site-packages\django\core\servers\basehttp.py
None
2025-07-04 13:00:44,970 ERROR Internal Server Error: /news/80/comment/ C:\Users\pen-cock\PycharmProjects\DjangoProjects\.venv\Lib\site-packages\django\utils\log.py
(<class 'django.urls.exceptions.NoReverseMatch'>, NoReverseMatch("Reverse for 'post_detail' with no arguments not found. 1 pattern(s) tried: ['news/(?P<pk>[0-9]+)/\\\\Z']"), <traceback object at 0x000001A99A9C8D40>)
Traceback (most recent call last):
  File "C:\Users\pen-cock\PycharmProjects\DjangoProjects\.venv\Lib\site-packages\django\core\handlers\exception.py", line 55, in inner
    response = get_response(request)
  File "C:\Users\pen-cock\PycharmProjects\DjangoProjects\.venv\Lib\site-packages\django\core\handlers\base.py", line 197, in _get_response
    response = wrapped_callback(request, *callback_args, **callback_kwargs)
  File "C:\Users\pen-cock\PycharmProjects\DjangoProjects\.venv\Lib\site-packages\django\views\generic\base.py", line 104, in view
    return self.dispatch(request, *args, **kwargs)
           ~~~~~~~~~~~~~^^^^^^^^^^^^^^^^^^^^^^^^^^
  File "C:\Users\pen-cock\PycharmProjects\DjangoProjects\.venv\Lib\site-packages\django\contrib\auth\mixins.py", line 73, in dispatch
    return super().dispatch(request, *args, **kwargs)
           ~~~~~~~~~~~~~~~~^^^^^^^^^^^^^^^^^^^^^^^^^^
  File "C:\Users\pen-cock\PycharmProjects\DjangoProjects\.venv\Lib\site-packages\django\views\generic\base.py", line 143, in dispatch
    return handler(request, *args, **kwargs)
  File "C:\Users\pen-cock\PycharmProjects\DjangoProjects\.venv\Lib\site-packages\django\views\generic\edit.py", line 182, in post
    return super().post(request, *args, **kwargs)
           ~~~~~~~~~~~~^^^^^^^^^^^^^^^^^^^^^^^^^^
  File "C:\Users\pen-cock\PycharmProjects\DjangoProjects\.venv\Lib\site-packages\django\views\generic\edit.py", line 151, in post
    return self.form_valid(form)
           ~~~~~~~~~~~~~~~^^^^^^
  File "C:\Users\pen-cock\PycharmProjects\DjangoProjects\Newspaper\Newspaper\news\views.py", line 90, in form_valid
    return super().form_valid(form)
           ~~~~~~~~~~~~~~~~~~^^^^^^
  File "C:\Users\pen-cock\PycharmProjects\DjangoProjects\.venv\Lib\site-packages\django\views\generic\edit.py", line 134, in form_valid
    return super().form_valid(form)
           ~~~~~~~~~~~~~~~~~~^^^^^^
  File "C:\Users\pen-cock\PycharmProjects\DjangoProjects\.venv\Lib\site-packages\django\views\generic\edit.py", line 63, in form_valid
    return HttpResponseRedirect(self.get_success_url())
                                ~~~~~~~~~~~~~~~~~~~~^^
  File "C:\Users\pen-cock\PycharmProjects\DjangoProjects\.venv\Lib\site-packages\django\views\generic\edit.py", line 119, in get_success_url
    if self.success_url:
       ^^^^^^^^^^^^^^^^
  File "C:\Users\pen-cock\PycharmProjects\DjangoProjects\.venv\Lib\site-packages\django\utils\functional.py", line 187, in __wrapper__
    result = func(*self._args, **self._kw)
  File "C:\Users\pen-cock\PycharmProjects\DjangoProjects\.venv\Lib\site-packages\django\urls\base.py", line 88, in reverse
    return resolver._reverse_with_prefix(view, prefix, *args, **kwargs)
           ~~~~~~~~~~~~~~~~~~~~~~~~~~~~~^^^^^^^^^^^^^^^^^^^^^^^^^^^^^^^
  File "C:\Users\pen-cock\PycharmProjects\DjangoProjects\.venv\Lib\site-packages\django\urls\resolvers.py", line 831, in _reverse_with_prefix
    raise NoReverseMatch(msg)
django.urls.exceptions.NoReverseMatch: Reverse for 'post_detail' with no arguments not found. 1 pattern(s) tried: ['news/(?P<pk>[0-9]+)/\\Z']
2025-07-04 13:00:44,973 ERROR "POST /news/80/comment/ HTTP/1.1" 500 132343 C:\Users\pen-cock\PycharmProjects\DjangoProjects\.venv\Lib\site-packages\django\core\servers\basehttp.py
None
2025-07-05 20:23:20,531 ERROR Internal Server Error: /news/80/comment/ C:\Users\pen-cock\PycharmProjects\DjangoProjects\.venv\Lib\site-packages\django\utils\log.py
(<class 'AttributeError'>, AttributeError("'Settings' object has no attribute 'SITE_URL'"), <traceback object at 0x000002A27C9F7940>)
Traceback (most recent call last):
  File "C:\Users\pen-cock\PycharmProjects\DjangoProjects\.venv\Lib\site-packages\django\core\handlers\exception.py", line 55, in inner
    response = get_response(request)
  File "C:\Users\pen-cock\PycharmProjects\DjangoProjects\.venv\Lib\site-packages\django\core\handlers\base.py", line 197, in _get_response
    response = wrapped_callback(request, *callback_args, **callback_kwargs)
  File "C:\Users\pen-cock\PycharmProjects\DjangoProjects\.venv\Lib\site-packages\django\views\generic\base.py", line 104, in view
    return self.dispatch(request, *args, **kwargs)
           ~~~~~~~~~~~~~^^^^^^^^^^^^^^^^^^^^^^^^^^
  File "C:\Users\pen-cock\PycharmProjects\DjangoProjects\.venv\Lib\site-packages\django\contrib\auth\mixins.py", line 73, in dispatch
    return super().dispatch(request, *args, **kwargs)
           ~~~~~~~~~~~~~~~~^^^^^^^^^^^^^^^^^^^^^^^^^^
  File "C:\Users\pen-cock\PycharmProjects\DjangoProjects\.venv\Lib\site-packages\django\views\generic\base.py", line 143, in dispatch
    return handler(request, *args, **kwargs)
  File "C:\Users\pen-cock\PycharmProjects\DjangoProjects\.venv\Lib\site-packages\django\views\generic\edit.py", line 182, in post
    return super().post(request, *args, **kwargs)
           ~~~~~~~~~~~~^^^^^^^^^^^^^^^^^^^^^^^^^^
  File "C:\Users\pen-cock\PycharmProjects\DjangoProjects\.venv\Lib\site-packages\django\views\generic\edit.py", line 151, in post
    return self.form_valid(form)
           ~~~~~~~~~~~~~~~^^^^^^
  File "C:\Users\pen-cock\PycharmProjects\DjangoProjects\Newspaper\Newspaper\news\views.py", line 90, in form_valid
    return super().form_valid(form)
           ~~~~~~~~~~~~~~~~~~^^^^^^
  File "C:\Users\pen-cock\PycharmProjects\DjangoProjects\.venv\Lib\site-packages\django\views\generic\edit.py", line 133, in form_valid
    self.object = form.save()
                  ~~~~~~~~~^^
  File "C:\Users\pen-cock\PycharmProjects\DjangoProjects\.venv\Lib\site-packages\django\forms\models.py", line 554, in save
    self.instance.save()
    ~~~~~~~~~~~~~~~~~~^^
  File "C:\Users\pen-cock\PycharmProjects\DjangoProjects\.venv\Lib\site-packages\django\db\models\base.py", line 892, in save
    self.save_base(
    ~~~~~~~~~~~~~~^
        using=using,
        ^^^^^^^^^^^^
    ...<2 lines>...
        update_fields=update_fields,
        ^^^^^^^^^^^^^^^^^^^^^^^^^^^^
    )
    ^
  File "C:\Users\pen-cock\PycharmProjects\DjangoProjects\.venv\Lib\site-packages\django\db\models\base.py", line 1013, in save_base
    post_save.send(
    ~~~~~~~~~~~~~~^
        sender=origin,
        ^^^^^^^^^^^^^^
    ...<4 lines>...
        using=using,
        ^^^^^^^^^^^^
    )
    ^
  File "C:\Users\pen-cock\PycharmProjects\DjangoProjects\.venv\Lib\site-packages\django\dispatch\dispatcher.py", line 189, in send
    response = receiver(signal=self, sender=sender, **named)
  File "C:\Users\pen-cock\PycharmProjects\DjangoProjects\Newspaper\Newspaper\news\signals.py", line 13, in handle_comment_notifications
    send_new_comment_notification(instance)
    ~~~~~~~~~~~~~~~~~~~~~~~~~~~~~^^^^^^^^^^
  File "C:\Users\pen-cock\PycharmProjects\DjangoProjects\Newspaper\Newspaper\news\signals.py", line 25, in send_new_comment_notification
    'site_url': settings.SITE_URL
                ^^^^^^^^^^^^^^^^^
  File "C:\Users\pen-cock\PycharmProjects\DjangoProjects\.venv\Lib\site-packages\django\conf\__init__.py", line 83, in __getattr__
    val = getattr(_wrapped, name)
AttributeError: 'Settings' object has no attribute 'SITE_URL'. Did you mean: 'SITE_ID'?
2025-07-05 20:23:20,541 ERROR "POST /news/80/comment/ HTTP/1.1" 500 139707 C:\Users\pen-cock\PycharmProjects\DjangoProjects\.venv\Lib\site-packages\django\core\servers\basehttp.py
None
2025-07-05 20:25:47,848 ERROR Internal Server Error: /news/80/comment/ C:\Users\pen-cock\PycharmProjects\DjangoProjects\.venv\Lib\site-packages\django\utils\log.py
(<class 'django.urls.exceptions.NoReverseMatch'>, NoReverseMatch("'comments' is not a registered namespace"), <traceback object at 0x00000136A67BF380>)
Traceback (most recent call last):
  File "C:\Users\pen-cock\PycharmProjects\DjangoProjects\.venv\Lib\site-packages\django\urls\base.py", line 71, in reverse
    extra, resolver = resolver.namespace_dict[ns]
                      ~~~~~~~~~~~~~~~~~~~~~~~^^^^
KeyError: 'comments'

During handling of the above exception, another exception occurred:

Traceback (most recent call last):
  File "C:\Users\pen-cock\PycharmProjects\DjangoProjects\.venv\Lib\site-packages\django\core\handlers\exception.py", line 55, in inner
    response = get_response(request)
  File "C:\Users\pen-cock\PycharmProjects\DjangoProjects\.venv\Lib\site-packages\django\core\handlers\base.py", line 197, in _get_response
    response = wrapped_callback(request, *callback_args, **callback_kwargs)
  File "C:\Users\pen-cock\PycharmProjects\DjangoProjects\.venv\Lib\site-packages\django\views\generic\base.py", line 104, in view
    return self.dispatch(request, *args, **kwargs)
           ~~~~~~~~~~~~~^^^^^^^^^^^^^^^^^^^^^^^^^^
  File "C:\Users\pen-cock\PycharmProjects\DjangoProjects\.venv\Lib\site-packages\django\contrib\auth\mixins.py", line 73, in dispatch
    return super().dispatch(request, *args, **kwargs)
           ~~~~~~~~~~~~~~~~^^^^^^^^^^^^^^^^^^^^^^^^^^
  File "C:\Users\pen-cock\PycharmProjects\DjangoProjects\.venv\Lib\site-packages\django\views\generic\base.py", line 143, in dispatch
    return handler(request, *args, **kwargs)
  File "C:\Users\pen-cock\PycharmProjects\DjangoProjects\.venv\Lib\site-packages\django\views\generic\edit.py", line 182, in post
    return super().post(request, *args, **kwargs)
           ~~~~~~~~~~~~^^^^^^^^^^^^^^^^^^^^^^^^^^
  File "C:\Users\pen-cock\PycharmProjects\DjangoProjects\.venv\Lib\site-packages\django\views\generic\edit.py", line 151, in post
    return self.form_valid(form)
           ~~~~~~~~~~~~~~~^^^^^^
  File "C:\Users\pen-cock\PycharmProjects\DjangoProjects\Newspaper\Newspaper\news\views.py", line 90, in form_valid
    return super().form_valid(form)
           ~~~~~~~~~~~~~~~~~~^^^^^^
  File "C:\Users\pen-cock\PycharmProjects\DjangoProjects\.venv\Lib\site-packages\django\views\generic\edit.py", line 133, in form_valid
    self.object = form.save()
                  ~~~~~~~~~^^
  File "C:\Users\pen-cock\PycharmProjects\DjangoProjects\.venv\Lib\site-packages\django\forms\models.py", line 554, in save
    self.instance.save()
    ~~~~~~~~~~~~~~~~~~^^
  File "C:\Users\pen-cock\PycharmProjects\DjangoProjects\.venv\Lib\site-packages\django\db\models\base.py", line 892, in save
    self.save_base(
    ~~~~~~~~~~~~~~^
        using=using,
        ^^^^^^^^^^^^
    ...<2 lines>...
        update_fields=update_fields,
        ^^^^^^^^^^^^^^^^^^^^^^^^^^^^
    )
    ^
  File "C:\Users\pen-cock\PycharmProjects\DjangoProjects\.venv\Lib\site-packages\django\db\models\base.py", line 1013, in save_base
    post_save.send(
    ~~~~~~~~~~~~~~^
        sender=origin,
        ^^^^^^^^^^^^^^
    ...<4 lines>...
        using=using,
        ^^^^^^^^^^^^
    )
    ^
  File "C:\Users\pen-cock\PycharmProjects\DjangoProjects\.venv\Lib\site-packages\django\dispatch\dispatcher.py", line 189, in send
    response = receiver(signal=self, sender=sender, **named)
  File "C:\Users\pen-cock\PycharmProjects\DjangoProjects\Newspaper\Newspaper\news\signals.py", line 13, in handle_comment_notifications
    send_new_comment_notification(instance)
    ~~~~~~~~~~~~~~~~~~~~~~~~~~~~~^^^^^^^^^^
  File "C:\Users\pen-cock\PycharmProjects\DjangoProjects\Newspaper\Newspaper\news\signals.py", line 22, in send_new_comment_notification
    html_message = render_to_string('emails/new_comment.html', {
        'post': comment.post,
        'comment': comment,
        'site_url': settings.SITE_URL
    })
  File "C:\Users\pen-cock\PycharmProjects\DjangoProjects\.venv\Lib\site-packages\django\template\loader.py", line 62, in render_to_string
    return template.render(context, request)
           ~~~~~~~~~~~~~~~^^^^^^^^^^^^^^^^^^
  File "C:\Users\pen-cock\PycharmProjects\DjangoProjects\.venv\Lib\site-packages\django\template\backends\django.py", line 107, in render
    return self.template.render(context)
           ~~~~~~~~~~~~~~~~~~~~^^^^^^^^^
  File "C:\Users\pen-cock\PycharmProjects\DjangoProjects\.venv\Lib\site-packages\django\template\base.py", line 171, in render
    return self._render(context)
           ~~~~~~~~~~~~^^^^^^^^^
  File "C:\Users\pen-cock\PycharmProjects\DjangoProjects\.venv\Lib\site-packages\django\template\base.py", line 163, in _render
    return self.nodelist.render(context)
           ~~~~~~~~~~~~~~~~~~~~^^^^^^^^^
  File "C:\Users\pen-cock\PycharmProjects\DjangoProjects\.venv\Lib\site-packages\django\template\base.py", line 1008, in render
    return SafeString("".join([node.render_annotated(context) for node in self]))
                               ~~~~~~~~~~~~~~~~~~~~~^^^^^^^^^
  File "C:\Users\pen-cock\PycharmProjects\DjangoProjects\.venv\Lib\site-packages\django\template\base.py", line 969, in render_annotated
    return self.render(context)
           ~~~~~~~~~~~^^^^^^^^^
  File "C:\Users\pen-cock\PycharmProjects\DjangoProjects\.venv\Lib\site-packages\django\template\defaulttags.py", line 480, in render
    url = reverse(view_name, args=args, kwargs=kwargs, current_app=current_app)
  File "C:\Users\pen-cock\PycharmProjects\DjangoProjects\.venv\Lib\site-packages\django\urls\base.py", line 82, in reverse
    raise NoReverseMatch("%s is not a registered namespace" % key)
django.urls.exceptions.NoReverseMatch: 'comments' is not a registered namespace
2025-07-05 20:25:47,857 ERROR "POST /news/80/comment/ HTTP/1.1" 500 183462 C:\Users\pen-cock\PycharmProjects\DjangoProjects\.venv\Lib\site-packages\django\core\servers\basehttp.py
None
2025-07-05 20:36:08,692 ERROR Internal Server Error: /news/80/comment/ C:\Users\pen-cock\PycharmProjects\DjangoProjects\.venv\Lib\site-packages\django\utils\log.py
(<class 'django.urls.exceptions.NoReverseMatch'>, NoReverseMatch("Reverse for 'post_detail' not found. 'post_detail' is not a valid view function or pattern name."), <traceback object at 0x000001D358AAD840>)
Traceback (most recent call last):
  File "C:\Users\pen-cock\PycharmProjects\DjangoProjects\.venv\Lib\site-packages\django\core\handlers\exception.py", line 55, in inner
    response = get_response(request)
  File "C:\Users\pen-cock\PycharmProjects\DjangoProjects\.venv\Lib\site-packages\django\core\handlers\base.py", line 197, in _get_response
    response = wrapped_callback(request, *callback_args, **callback_kwargs)
  File "C:\Users\pen-cock\PycharmProjects\DjangoProjects\.venv\Lib\site-packages\django\views\generic\base.py", line 104, in view
    return self.dispatch(request, *args, **kwargs)
           ~~~~~~~~~~~~~^^^^^^^^^^^^^^^^^^^^^^^^^^
  File "C:\Users\pen-cock\PycharmProjects\DjangoProjects\.venv\Lib\site-packages\django\contrib\auth\mixins.py", line 73, in dispatch
    return super().dispatch(request, *args, **kwargs)
           ~~~~~~~~~~~~~~~~^^^^^^^^^^^^^^^^^^^^^^^^^^
  File "C:\Users\pen-cock\PycharmProjects\DjangoProjects\.venv\Lib\site-packages\django\views\generic\base.py", line 143, in dispatch
    return handler(request, *args, **kwargs)
  File "C:\Users\pen-cock\PycharmProjects\DjangoProjects\.venv\Lib\site-packages\django\views\generic\edit.py", line 182, in post
    return super().post(request, *args, **kwargs)
           ~~~~~~~~~~~~^^^^^^^^^^^^^^^^^^^^^^^^^^
  File "C:\Users\pen-cock\PycharmProjects\DjangoProjects\.venv\Lib\site-packages\django\views\generic\edit.py", line 151, in post
    return self.form_valid(form)
           ~~~~~~~~~~~~~~~^^^^^^
  File "C:\Users\pen-cock\PycharmProjects\DjangoProjects\Newspaper\Newspaper\news\views.py", line 90, in form_valid
    return super().form_valid(form)
           ~~~~~~~~~~~~~~~~~~^^^^^^
  File "C:\Users\pen-cock\PycharmProjects\DjangoProjects\.venv\Lib\site-packages\django\views\generic\edit.py", line 133, in form_valid
    self.object = form.save()
                  ~~~~~~~~~^^
  File "C:\Users\pen-cock\PycharmProjects\DjangoProjects\.venv\Lib\site-packages\django\forms\models.py", line 554, in save
    self.instance.save()
    ~~~~~~~~~~~~~~~~~~^^
  File "C:\Users\pen-cock\PycharmProjects\DjangoProjects\.venv\Lib\site-packages\django\db\models\base.py", line 892, in save
    self.save_base(
    ~~~~~~~~~~~~~~^
        using=using,
        ^^^^^^^^^^^^
    ...<2 lines>...
        update_fields=update_fields,
        ^^^^^^^^^^^^^^^^^^^^^^^^^^^^
    )
    ^
  File "C:\Users\pen-cock\PycharmProjects\DjangoProjects\.venv\Lib\site-packages\django\db\models\base.py", line 1013, in save_base
    post_save.send(
    ~~~~~~~~~~~~~~^
        sender=origin,
        ^^^^^^^^^^^^^^
    ...<4 lines>...
        using=using,
        ^^^^^^^^^^^^
    )
    ^
  File "C:\Users\pen-cock\PycharmProjects\DjangoProjects\.venv\Lib\site-packages\django\dispatch\dispatcher.py", line 189, in send
    response = receiver(signal=self, sender=sender, **named)
  File "C:\Users\pen-cock\PycharmProjects\DjangoProjects\Newspaper\Newspaper\news\signals.py", line 13, in handle_comment_notifications
    send_new_comment_notification(instance)
    ~~~~~~~~~~~~~~~~~~~~~~~~~~~~~^^^^^^^^^^
  File "C:\Users\pen-cock\PycharmProjects\DjangoProjects\Newspaper\Newspaper\news\signals.py", line 22, in send_new_comment_notification
    html_message = render_to_string('emails/new_comment.html', {
        'post': comment.post,
        'comment': comment,
        'site_url': settings.SITE_URL
    })
  File "C:\Users\pen-cock\PycharmProjects\DjangoProjects\.venv\Lib\site-packages\django\template\loader.py", line 62, in render_to_string
    return template.render(context, request)
           ~~~~~~~~~~~~~~~^^^^^^^^^^^^^^^^^^
  File "C:\Users\pen-cock\PycharmProjects\DjangoProjects\.venv\Lib\site-packages\django\template\backends\django.py", line 107, in render
    return self.template.render(context)
           ~~~~~~~~~~~~~~~~~~~~^^^^^^^^^
  File "C:\Users\pen-cock\PycharmProjects\DjangoProjects\.venv\Lib\site-packages\django\template\base.py", line 171, in render
    return self._render(context)
           ~~~~~~~~~~~~^^^^^^^^^
  File "C:\Users\pen-cock\PycharmProjects\DjangoProjects\.venv\Lib\site-packages\django\template\base.py", line 163, in _render
    return self.nodelist.render(context)
           ~~~~~~~~~~~~~~~~~~~~^^^^^^^^^
  File "C:\Users\pen-cock\PycharmProjects\DjangoProjects\.venv\Lib\site-packages\django\template\base.py", line 1008, in render
    return SafeString("".join([node.render_annotated(context) for node in self]))
                               ~~~~~~~~~~~~~~~~~~~~~^^^^^^^^^
  File "C:\Users\pen-cock\PycharmProjects\DjangoProjects\.venv\Lib\site-packages\django\template\base.py", line 969, in render_annotated
    return self.render(context)
           ~~~~~~~~~~~^^^^^^^^^
  File "C:\Users\pen-cock\PycharmProjects\DjangoProjects\.venv\Lib\site-packages\django\template\base.py", line 1067, in render
    output = self.filter_expression.resolve(context)
  File "C:\Users\pen-cock\PycharmProjects\DjangoProjects\.venv\Lib\site-packages\django\template\base.py", line 718, in resolve
    obj = self.var.resolve(context)
  File "C:\Users\pen-cock\PycharmProjects\DjangoProjects\.venv\Lib\site-packages\django\template\base.py", line 850, in resolve
    value = self._resolve_lookup(context)
  File "C:\Users\pen-cock\PycharmProjects\DjangoProjects\.venv\Lib\site-packages\django\template\base.py", line 917, in _resolve_lookup
    current = current()
  File "C:\Users\pen-cock\PycharmProjects\DjangoProjects\Newspaper\Newspaper\news\models.py", line 76, in get_absolute_url
    return reverse('post_detail', args=[str(self.id)])
  File "C:\Users\pen-cock\PycharmProjects\DjangoProjects\.venv\Lib\site-packages\django\urls\base.py", line 88, in reverse
    return resolver._reverse_with_prefix(view, prefix, *args, **kwargs)
           ~~~~~~~~~~~~~~~~~~~~~~~~~~~~~^^^^^^^^^^^^^^^^^^^^^^^^^^^^^^^
  File "C:\Users\pen-cock\PycharmProjects\DjangoProjects\.venv\Lib\site-packages\django\urls\resolvers.py", line 831, in _reverse_with_prefix
    raise NoReverseMatch(msg)
django.urls.exceptions.NoReverseMatch: Reverse for 'post_detail' not found. 'post_detail' is not a valid view function or pattern name.
2025-07-05 20:36:08,701 ERROR "POST /news/80/comment/ HTTP/1.1" 500 197231 C:\Users\pen-cock\PycharmProjects\DjangoProjects\.venv\Lib\site-packages\django\core\servers\basehttp.py
None
2025-07-05 20:45:09,049 ERROR Internal Server Error: /news/80/comment/ C:\Users\pen-cock\PycharmProjects\DjangoProjects\.venv\Lib\site-packages\django\utils\log.py
(<class 'django.urls.exceptions.NoReverseMatch'>, NoReverseMatch("Reverse for 'post_detail' not found. 'post_detail' is not a valid view function or pattern name."), <traceback object at 0x0000015953DC2B00>)
Traceback (most recent call last):
  File "C:\Users\pen-cock\PycharmProjects\DjangoProjects\.venv\Lib\site-packages\django\core\handlers\exception.py", line 55, in inner
    response = get_response(request)
  File "C:\Users\pen-cock\PycharmProjects\DjangoProjects\.venv\Lib\site-packages\django\core\handlers\base.py", line 197, in _get_response
    response = wrapped_callback(request, *callback_args, **callback_kwargs)
  File "C:\Users\pen-cock\PycharmProjects\DjangoProjects\.venv\Lib\site-packages\django\views\generic\base.py", line 104, in view
    return self.dispatch(request, *args, **kwargs)
           ~~~~~~~~~~~~~^^^^^^^^^^^^^^^^^^^^^^^^^^
  File "C:\Users\pen-cock\PycharmProjects\DjangoProjects\.venv\Lib\site-packages\django\contrib\auth\mixins.py", line 73, in dispatch
    return super().dispatch(request, *args, **kwargs)
           ~~~~~~~~~~~~~~~~^^^^^^^^^^^^^^^^^^^^^^^^^^
  File "C:\Users\pen-cock\PycharmProjects\DjangoProjects\.venv\Lib\site-packages\django\views\generic\base.py", line 143, in dispatch
    return handler(request, *args, **kwargs)
  File "C:\Users\pen-cock\PycharmProjects\DjangoProjects\.venv\Lib\site-packages\django\views\generic\edit.py", line 182, in post
    return super().post(request, *args, **kwargs)
           ~~~~~~~~~~~~^^^^^^^^^^^^^^^^^^^^^^^^^^
  File "C:\Users\pen-cock\PycharmProjects\DjangoProjects\.venv\Lib\site-packages\django\views\generic\edit.py", line 151, in post
    return self.form_valid(form)
           ~~~~~~~~~~~~~~~^^^^^^
  File "C:\Users\pen-cock\PycharmProjects\DjangoProjects\Newspaper\Newspaper\news\views.py", line 90, in form_valid
    return super().form_valid(form)
           ~~~~~~~~~~~~~~~~~~^^^^^^
  File "C:\Users\pen-cock\PycharmProjects\DjangoProjects\.venv\Lib\site-packages\django\views\generic\edit.py", line 133, in form_valid
    self.object = form.save()
                  ~~~~~~~~~^^
  File "C:\Users\pen-cock\PycharmProjects\DjangoProjects\.venv\Lib\site-packages\django\forms\models.py", line 554, in save
    self.instance.save()
    ~~~~~~~~~~~~~~~~~~^^
  File "C:\Users\pen-cock\PycharmProjects\DjangoProjects\.venv\Lib\site-packages\django\db\models\base.py", line 892, in save
    self.save_base(
    ~~~~~~~~~~~~~~^
        using=using,
        ^^^^^^^^^^^^
    ...<2 lines>...
        update_fields=update_fields,
        ^^^^^^^^^^^^^^^^^^^^^^^^^^^^
    )
    ^
  File "C:\Users\pen-cock\PycharmProjects\DjangoProjects\.venv\Lib\site-packages\django\db\models\base.py", line 1013, in save_base
    post_save.send(
    ~~~~~~~~~~~~~~^
        sender=origin,
        ^^^^^^^^^^^^^^
    ...<4 lines>...
        using=using,
        ^^^^^^^^^^^^
    )
    ^
  File "C:\Users\pen-cock\PycharmProjects\DjangoProjects\.venv\Lib\site-packages\django\dispatch\dispatcher.py", line 189, in send
    response = receiver(signal=self, sender=sender, **named)
  File "C:\Users\pen-cock\PycharmProjects\DjangoProjects\Newspaper\Newspaper\news\signals.py", line 13, in handle_comment_notifications
    send_new_comment_notification(instance)
    ~~~~~~~~~~~~~~~~~~~~~~~~~~~~~^^^^^^^^^^
  File "C:\Users\pen-cock\PycharmProjects\DjangoProjects\Newspaper\Newspaper\news\signals.py", line 22, in send_new_comment_notification
    html_message = render_to_string('emails/new_comment.html', {
        'post': comment.post,
        'comment': comment,
        'site_url': settings.SITE_URL
    })
  File "C:\Users\pen-cock\PycharmProjects\DjangoProjects\.venv\Lib\site-packages\django\template\loader.py", line 62, in render_to_string
    return template.render(context, request)
           ~~~~~~~~~~~~~~~^^^^^^^^^^^^^^^^^^
  File "C:\Users\pen-cock\PycharmProjects\DjangoProjects\.venv\Lib\site-packages\django\template\backends\django.py", line 107, in render
    return self.template.render(context)
           ~~~~~~~~~~~~~~~~~~~~^^^^^^^^^
  File "C:\Users\pen-cock\PycharmProjects\DjangoProjects\.venv\Lib\site-packages\django\template\base.py", line 171, in render
    return self._render(context)
           ~~~~~~~~~~~~^^^^^^^^^
  File "C:\Users\pen-cock\PycharmProjects\DjangoProjects\.venv\Lib\site-packages\django\template\base.py", line 163, in _render
    return self.nodelist.render(context)
           ~~~~~~~~~~~~~~~~~~~~^^^^^^^^^
  File "C:\Users\pen-cock\PycharmProjects\DjangoProjects\.venv\Lib\site-packages\django\template\base.py", line 1008, in render
    return SafeString("".join([node.render_annotated(context) for node in self]))
                               ~~~~~~~~~~~~~~~~~~~~~^^^^^^^^^
  File "C:\Users\pen-cock\PycharmProjects\DjangoProjects\.venv\Lib\site-packages\django\template\base.py", line 969, in render_annotated
    return self.render(context)
           ~~~~~~~~~~~^^^^^^^^^
  File "C:\Users\pen-cock\PycharmProjects\DjangoProjects\.venv\Lib\site-packages\django\template\base.py", line 1067, in render
    output = self.filter_expression.resolve(context)
  File "C:\Users\pen-cock\PycharmProjects\DjangoProjects\.venv\Lib\site-packages\django\template\base.py", line 718, in resolve
    obj = self.var.resolve(context)
  File "C:\Users\pen-cock\PycharmProjects\DjangoProjects\.venv\Lib\site-packages\django\template\base.py", line 850, in resolve
    value = self._resolve_lookup(context)
  File "C:\Users\pen-cock\PycharmProjects\DjangoProjects\.venv\Lib\site-packages\django\template\base.py", line 917, in _resolve_lookup
    current = current()
  File "C:\Users\pen-cock\PycharmProjects\DjangoProjects\Newspaper\Newspaper\news\models.py", line 76, in get_absolute_url
    return reverse('post_detail', args=[str(self.id)])
  File "C:\Users\pen-cock\PycharmProjects\DjangoProjects\.venv\Lib\site-packages\django\urls\base.py", line 88, in reverse
    return resolver._reverse_with_prefix(view, prefix, *args, **kwargs)
           ~~~~~~~~~~~~~~~~~~~~~~~~~~~~~^^^^^^^^^^^^^^^^^^^^^^^^^^^^^^^
  File "C:\Users\pen-cock\PycharmProjects\DjangoProjects\.venv\Lib\site-packages\django\urls\resolvers.py", line 831, in _reverse_with_prefix
    raise NoReverseMatch(msg)
django.urls.exceptions.NoReverseMatch: Reverse for 'post_detail' not found. 'post_detail' is not a valid view function or pattern name.
2025-07-05 20:45:09,059 ERROR "POST /news/80/comment/ HTTP/1.1" 500 197283 C:\Users\pen-cock\PycharmProjects\DjangoProjects\.venv\Lib\site-packages\django\core\servers\basehttp.py
None
2025-07-05 20:45:10,267 ERROR Internal Server Error: /news/80/comment/ C:\Users\pen-cock\PycharmProjects\DjangoProjects\.venv\Lib\site-packages\django\utils\log.py
(<class 'django.urls.exceptions.NoReverseMatch'>, NoReverseMatch("Reverse for 'post_detail' not found. 'post_detail' is not a valid view function or pattern name."), <traceback object at 0x0000015953EEF3C0>)
Traceback (most recent call last):
  File "C:\Users\pen-cock\PycharmProjects\DjangoProjects\.venv\Lib\site-packages\django\core\handlers\exception.py", line 55, in inner
    response = get_response(request)
  File "C:\Users\pen-cock\PycharmProjects\DjangoProjects\.venv\Lib\site-packages\django\core\handlers\base.py", line 197, in _get_response
    response = wrapped_callback(request, *callback_args, **callback_kwargs)
  File "C:\Users\pen-cock\PycharmProjects\DjangoProjects\.venv\Lib\site-packages\django\views\generic\base.py", line 104, in view
    return self.dispatch(request, *args, **kwargs)
           ~~~~~~~~~~~~~^^^^^^^^^^^^^^^^^^^^^^^^^^
  File "C:\Users\pen-cock\PycharmProjects\DjangoProjects\.venv\Lib\site-packages\django\contrib\auth\mixins.py", line 73, in dispatch
    return super().dispatch(request, *args, **kwargs)
           ~~~~~~~~~~~~~~~~^^^^^^^^^^^^^^^^^^^^^^^^^^
  File "C:\Users\pen-cock\PycharmProjects\DjangoProjects\.venv\Lib\site-packages\django\views\generic\base.py", line 143, in dispatch
    return handler(request, *args, **kwargs)
  File "C:\Users\pen-cock\PycharmProjects\DjangoProjects\.venv\Lib\site-packages\django\views\generic\edit.py", line 182, in post
    return super().post(request, *args, **kwargs)
           ~~~~~~~~~~~~^^^^^^^^^^^^^^^^^^^^^^^^^^
  File "C:\Users\pen-cock\PycharmProjects\DjangoProjects\.venv\Lib\site-packages\django\views\generic\edit.py", line 151, in post
    return self.form_valid(form)
           ~~~~~~~~~~~~~~~^^^^^^
  File "C:\Users\pen-cock\PycharmProjects\DjangoProjects\Newspaper\Newspaper\news\views.py", line 90, in form_valid
    return super().form_valid(form)
           ~~~~~~~~~~~~~~~~~~^^^^^^
  File "C:\Users\pen-cock\PycharmProjects\DjangoProjects\.venv\Lib\site-packages\django\views\generic\edit.py", line 133, in form_valid
    self.object = form.save()
                  ~~~~~~~~~^^
  File "C:\Users\pen-cock\PycharmProjects\DjangoProjects\.venv\Lib\site-packages\django\forms\models.py", line 554, in save
    self.instance.save()
    ~~~~~~~~~~~~~~~~~~^^
  File "C:\Users\pen-cock\PycharmProjects\DjangoProjects\.venv\Lib\site-packages\django\db\models\base.py", line 892, in save
    self.save_base(
    ~~~~~~~~~~~~~~^
        using=using,
        ^^^^^^^^^^^^
    ...<2 lines>...
        update_fields=update_fields,
        ^^^^^^^^^^^^^^^^^^^^^^^^^^^^
    )
    ^
  File "C:\Users\pen-cock\PycharmProjects\DjangoProjects\.venv\Lib\site-packages\django\db\models\base.py", line 1013, in save_base
    post_save.send(
    ~~~~~~~~~~~~~~^
        sender=origin,
        ^^^^^^^^^^^^^^
    ...<4 lines>...
        using=using,
        ^^^^^^^^^^^^
    )
    ^
  File "C:\Users\pen-cock\PycharmProjects\DjangoProjects\.venv\Lib\site-packages\django\dispatch\dispatcher.py", line 189, in send
    response = receiver(signal=self, sender=sender, **named)
  File "C:\Users\pen-cock\PycharmProjects\DjangoProjects\Newspaper\Newspaper\news\signals.py", line 13, in handle_comment_notifications
    send_new_comment_notification(instance)
    ~~~~~~~~~~~~~~~~~~~~~~~~~~~~~^^^^^^^^^^
  File "C:\Users\pen-cock\PycharmProjects\DjangoProjects\Newspaper\Newspaper\news\signals.py", line 22, in send_new_comment_notification
    html_message = render_to_string('emails/new_comment.html', {
        'post': comment.post,
        'comment': comment,
        'site_url': settings.SITE_URL
    })
  File "C:\Users\pen-cock\PycharmProjects\DjangoProjects\.venv\Lib\site-packages\django\template\loader.py", line 62, in render_to_string
    return template.render(context, request)
           ~~~~~~~~~~~~~~~^^^^^^^^^^^^^^^^^^
  File "C:\Users\pen-cock\PycharmProjects\DjangoProjects\.venv\Lib\site-packages\django\template\backends\django.py", line 107, in render
    return self.template.render(context)
           ~~~~~~~~~~~~~~~~~~~~^^^^^^^^^
  File "C:\Users\pen-cock\PycharmProjects\DjangoProjects\.venv\Lib\site-packages\django\template\base.py", line 171, in render
    return self._render(context)
           ~~~~~~~~~~~~^^^^^^^^^
  File "C:\Users\pen-cock\PycharmProjects\DjangoProjects\.venv\Lib\site-packages\django\template\base.py", line 163, in _render
    return self.nodelist.render(context)
           ~~~~~~~~~~~~~~~~~~~~^^^^^^^^^
  File "C:\Users\pen-cock\PycharmProjects\DjangoProjects\.venv\Lib\site-packages\django\template\base.py", line 1008, in render
    return SafeString("".join([node.render_annotated(context) for node in self]))
                               ~~~~~~~~~~~~~~~~~~~~~^^^^^^^^^
  File "C:\Users\pen-cock\PycharmProjects\DjangoProjects\.venv\Lib\site-packages\django\template\base.py", line 969, in render_annotated
    return self.render(context)
           ~~~~~~~~~~~^^^^^^^^^
  File "C:\Users\pen-cock\PycharmProjects\DjangoProjects\.venv\Lib\site-packages\django\template\base.py", line 1067, in render
    output = self.filter_expression.resolve(context)
  File "C:\Users\pen-cock\PycharmProjects\DjangoProjects\.venv\Lib\site-packages\django\template\base.py", line 718, in resolve
    obj = self.var.resolve(context)
  File "C:\Users\pen-cock\PycharmProjects\DjangoProjects\.venv\Lib\site-packages\django\template\base.py", line 850, in resolve
    value = self._resolve_lookup(context)
  File "C:\Users\pen-cock\PycharmProjects\DjangoProjects\.venv\Lib\site-packages\django\template\base.py", line 917, in _resolve_lookup
    current = current()
  File "C:\Users\pen-cock\PycharmProjects\DjangoProjects\Newspaper\Newspaper\news\models.py", line 76, in get_absolute_url
    return reverse('post_detail', args=[str(self.id)])
  File "C:\Users\pen-cock\PycharmProjects\DjangoProjects\.venv\Lib\site-packages\django\urls\base.py", line 88, in reverse
    return resolver._reverse_with_prefix(view, prefix, *args, **kwargs)
           ~~~~~~~~~~~~~~~~~~~~~~~~~~~~~^^^^^^^^^^^^^^^^^^^^^^^^^^^^^^^
  File "C:\Users\pen-cock\PycharmProjects\DjangoProjects\.venv\Lib\site-packages\django\urls\resolvers.py", line 831, in _reverse_with_prefix
    raise NoReverseMatch(msg)
django.urls.exceptions.NoReverseMatch: Reverse for 'post_detail' not found. 'post_detail' is not a valid view function or pattern name.
2025-07-05 20:45:10,272 ERROR "POST /news/80/comment/ HTTP/1.1" 500 197283 C:\Users\pen-cock\PycharmProjects\DjangoProjects\.venv\Lib\site-packages\django\core\servers\basehttp.py
None
2025-07-05 20:45:34,258 ERROR Internal Server Error: /news/80/comment/ C:\Users\pen-cock\PycharmProjects\DjangoProjects\.venv\Lib\site-packages\django\utils\log.py
(<class 'django.urls.exceptions.NoReverseMatch'>, NoReverseMatch("Reverse for 'post_detail' not found. 'post_detail' is not a valid view function or pattern name."), <traceback object at 0x0000021803307580>)
Traceback (most recent call last):
  File "C:\Users\pen-cock\PycharmProjects\DjangoProjects\.venv\Lib\site-packages\django\core\handlers\exception.py", line 55, in inner
    response = get_response(request)
  File "C:\Users\pen-cock\PycharmProjects\DjangoProjects\.venv\Lib\site-packages\django\core\handlers\base.py", line 197, in _get_response
    response = wrapped_callback(request, *callback_args, **callback_kwargs)
  File "C:\Users\pen-cock\PycharmProjects\DjangoProjects\.venv\Lib\site-packages\django\views\generic\base.py", line 104, in view
    return self.dispatch(request, *args, **kwargs)
           ~~~~~~~~~~~~~^^^^^^^^^^^^^^^^^^^^^^^^^^
  File "C:\Users\pen-cock\PycharmProjects\DjangoProjects\.venv\Lib\site-packages\django\contrib\auth\mixins.py", line 73, in dispatch
    return super().dispatch(request, *args, **kwargs)
           ~~~~~~~~~~~~~~~~^^^^^^^^^^^^^^^^^^^^^^^^^^
  File "C:\Users\pen-cock\PycharmProjects\DjangoProjects\.venv\Lib\site-packages\django\views\generic\base.py", line 143, in dispatch
    return handler(request, *args, **kwargs)
  File "C:\Users\pen-cock\PycharmProjects\DjangoProjects\.venv\Lib\site-packages\django\views\generic\edit.py", line 182, in post
    return super().post(request, *args, **kwargs)
           ~~~~~~~~~~~~^^^^^^^^^^^^^^^^^^^^^^^^^^
  File "C:\Users\pen-cock\PycharmProjects\DjangoProjects\.venv\Lib\site-packages\django\views\generic\edit.py", line 151, in post
    return self.form_valid(form)
           ~~~~~~~~~~~~~~~^^^^^^
  File "C:\Users\pen-cock\PycharmProjects\DjangoProjects\Newspaper\Newspaper\news\views.py", line 90, in form_valid
    return super().form_valid(form)
           ~~~~~~~~~~~~~~~~~~^^^^^^
  File "C:\Users\pen-cock\PycharmProjects\DjangoProjects\.venv\Lib\site-packages\django\views\generic\edit.py", line 133, in form_valid
    self.object = form.save()
                  ~~~~~~~~~^^
  File "C:\Users\pen-cock\PycharmProjects\DjangoProjects\.venv\Lib\site-packages\django\forms\models.py", line 554, in save
    self.instance.save()
    ~~~~~~~~~~~~~~~~~~^^
  File "C:\Users\pen-cock\PycharmProjects\DjangoProjects\.venv\Lib\site-packages\django\db\models\base.py", line 892, in save
    self.save_base(
    ~~~~~~~~~~~~~~^
        using=using,
        ^^^^^^^^^^^^
    ...<2 lines>...
        update_fields=update_fields,
        ^^^^^^^^^^^^^^^^^^^^^^^^^^^^
    )
    ^
  File "C:\Users\pen-cock\PycharmProjects\DjangoProjects\.venv\Lib\site-packages\django\db\models\base.py", line 1013, in save_base
    post_save.send(
    ~~~~~~~~~~~~~~^
        sender=origin,
        ^^^^^^^^^^^^^^
    ...<4 lines>...
        using=using,
        ^^^^^^^^^^^^
    )
    ^
  File "C:\Users\pen-cock\PycharmProjects\DjangoProjects\.venv\Lib\site-packages\django\dispatch\dispatcher.py", line 189, in send
    response = receiver(signal=self, sender=sender, **named)
  File "C:\Users\pen-cock\PycharmProjects\DjangoProjects\Newspaper\Newspaper\news\signals.py", line 13, in handle_comment_notifications
    send_new_comment_notification(instance)
    ~~~~~~~~~~~~~~~~~~~~~~~~~~~~~^^^^^^^^^^
  File "C:\Users\pen-cock\PycharmProjects\DjangoProjects\Newspaper\Newspaper\news\signals.py", line 22, in send_new_comment_notification
    html_message = render_to_string('emails/new_comment.html', {
        'post': comment.post,
        'comment': comment,
        'site_url': settings.SITE_URL
    })
  File "C:\Users\pen-cock\PycharmProjects\DjangoProjects\.venv\Lib\site-packages\django\template\loader.py", line 62, in render_to_string
    return template.render(context, request)
           ~~~~~~~~~~~~~~~^^^^^^^^^^^^^^^^^^
  File "C:\Users\pen-cock\PycharmProjects\DjangoProjects\.venv\Lib\site-packages\django\template\backends\django.py", line 107, in render
    return self.template.render(context)
           ~~~~~~~~~~~~~~~~~~~~^^^^^^^^^
  File "C:\Users\pen-cock\PycharmProjects\DjangoProjects\.venv\Lib\site-packages\django\template\base.py", line 171, in render
    return self._render(context)
           ~~~~~~~~~~~~^^^^^^^^^
  File "C:\Users\pen-cock\PycharmProjects\DjangoProjects\.venv\Lib\site-packages\django\template\base.py", line 163, in _render
    return self.nodelist.render(context)
           ~~~~~~~~~~~~~~~~~~~~^^^^^^^^^
  File "C:\Users\pen-cock\PycharmProjects\DjangoProjects\.venv\Lib\site-packages\django\template\base.py", line 1008, in render
    return SafeString("".join([node.render_annotated(context) for node in self]))
                               ~~~~~~~~~~~~~~~~~~~~~^^^^^^^^^
  File "C:\Users\pen-cock\PycharmProjects\DjangoProjects\.venv\Lib\site-packages\django\template\base.py", line 969, in render_annotated
    return self.render(context)
           ~~~~~~~~~~~^^^^^^^^^
  File "C:\Users\pen-cock\PycharmProjects\DjangoProjects\.venv\Lib\site-packages\django\template\base.py", line 1067, in render
    output = self.filter_expression.resolve(context)
  File "C:\Users\pen-cock\PycharmProjects\DjangoProjects\.venv\Lib\site-packages\django\template\base.py", line 718, in resolve
    obj = self.var.resolve(context)
  File "C:\Users\pen-cock\PycharmProjects\DjangoProjects\.venv\Lib\site-packages\django\template\base.py", line 850, in resolve
    value = self._resolve_lookup(context)
  File "C:\Users\pen-cock\PycharmProjects\DjangoProjects\.venv\Lib\site-packages\django\template\base.py", line 917, in _resolve_lookup
    current = current()
  File "C:\Users\pen-cock\PycharmProjects\DjangoProjects\Newspaper\Newspaper\news\models.py", line 76, in get_absolute_url
    return reverse('post_detail', args=[str(self.id)])
  File "C:\Users\pen-cock\PycharmProjects\DjangoProjects\.venv\Lib\site-packages\django\urls\base.py", line 88, in reverse
    return resolver._reverse_with_prefix(view, prefix, *args, **kwargs)
           ~~~~~~~~~~~~~~~~~~~~~~~~~~~~~^^^^^^^^^^^^^^^^^^^^^^^^^^^^^^^
  File "C:\Users\pen-cock\PycharmProjects\DjangoProjects\.venv\Lib\site-packages\django\urls\resolvers.py", line 831, in _reverse_with_prefix
    raise NoReverseMatch(msg)
django.urls.exceptions.NoReverseMatch: Reverse for 'post_detail' not found. 'post_detail' is not a valid view function or pattern name.
2025-07-05 20:45:34,269 ERROR "POST /news/80/comment/ HTTP/1.1" 500 197288 C:\Users\pen-cock\PycharmProjects\DjangoProjects\.venv\Lib\site-packages\django\core\servers\basehttp.py
None
2025-07-05 20:45:35,537 ERROR Internal Server Error: /news/80/comment/ C:\Users\pen-cock\PycharmProjects\DjangoProjects\.venv\Lib\site-packages\django\utils\log.py
(<class 'django.urls.exceptions.NoReverseMatch'>, NoReverseMatch("Reverse for 'post_detail' not found. 'post_detail' is not a valid view function or pattern name."), <traceback object at 0x00000218034E5E80>)
Traceback (most recent call last):
  File "C:\Users\pen-cock\PycharmProjects\DjangoProjects\.venv\Lib\site-packages\django\core\handlers\exception.py", line 55, in inner
    response = get_response(request)
  File "C:\Users\pen-cock\PycharmProjects\DjangoProjects\.venv\Lib\site-packages\django\core\handlers\base.py", line 197, in _get_response
    response = wrapped_callback(request, *callback_args, **callback_kwargs)
  File "C:\Users\pen-cock\PycharmProjects\DjangoProjects\.venv\Lib\site-packages\django\views\generic\base.py", line 104, in view
    return self.dispatch(request, *args, **kwargs)
           ~~~~~~~~~~~~~^^^^^^^^^^^^^^^^^^^^^^^^^^
  File "C:\Users\pen-cock\PycharmProjects\DjangoProjects\.venv\Lib\site-packages\django\contrib\auth\mixins.py", line 73, in dispatch
    return super().dispatch(request, *args, **kwargs)
           ~~~~~~~~~~~~~~~~^^^^^^^^^^^^^^^^^^^^^^^^^^
  File "C:\Users\pen-cock\PycharmProjects\DjangoProjects\.venv\Lib\site-packages\django\views\generic\base.py", line 143, in dispatch
    return handler(request, *args, **kwargs)
  File "C:\Users\pen-cock\PycharmProjects\DjangoProjects\.venv\Lib\site-packages\django\views\generic\edit.py", line 182, in post
    return super().post(request, *args, **kwargs)
           ~~~~~~~~~~~~^^^^^^^^^^^^^^^^^^^^^^^^^^
  File "C:\Users\pen-cock\PycharmProjects\DjangoProjects\.venv\Lib\site-packages\django\views\generic\edit.py", line 151, in post
    return self.form_valid(form)
           ~~~~~~~~~~~~~~~^^^^^^
  File "C:\Users\pen-cock\PycharmProjects\DjangoProjects\Newspaper\Newspaper\news\views.py", line 90, in form_valid
    return super().form_valid(form)
           ~~~~~~~~~~~~~~~~~~^^^^^^
  File "C:\Users\pen-cock\PycharmProjects\DjangoProjects\.venv\Lib\site-packages\django\views\generic\edit.py", line 133, in form_valid
    self.object = form.save()
                  ~~~~~~~~~^^
  File "C:\Users\pen-cock\PycharmProjects\DjangoProjects\.venv\Lib\site-packages\django\forms\models.py", line 554, in save
    self.instance.save()
    ~~~~~~~~~~~~~~~~~~^^
  File "C:\Users\pen-cock\PycharmProjects\DjangoProjects\.venv\Lib\site-packages\django\db\models\base.py", line 892, in save
    self.save_base(
    ~~~~~~~~~~~~~~^
        using=using,
        ^^^^^^^^^^^^
    ...<2 lines>...
        update_fields=update_fields,
        ^^^^^^^^^^^^^^^^^^^^^^^^^^^^
    )
    ^
  File "C:\Users\pen-cock\PycharmProjects\DjangoProjects\.venv\Lib\site-packages\django\db\models\base.py", line 1013, in save_base
    post_save.send(
    ~~~~~~~~~~~~~~^
        sender=origin,
        ^^^^^^^^^^^^^^
    ...<4 lines>...
        using=using,
        ^^^^^^^^^^^^
    )
    ^
  File "C:\Users\pen-cock\PycharmProjects\DjangoProjects\.venv\Lib\site-packages\django\dispatch\dispatcher.py", line 189, in send
    response = receiver(signal=self, sender=sender, **named)
  File "C:\Users\pen-cock\PycharmProjects\DjangoProjects\Newspaper\Newspaper\news\signals.py", line 13, in handle_comment_notifications
    send_new_comment_notification(instance)
    ~~~~~~~~~~~~~~~~~~~~~~~~~~~~~^^^^^^^^^^
  File "C:\Users\pen-cock\PycharmProjects\DjangoProjects\Newspaper\Newspaper\news\signals.py", line 22, in send_new_comment_notification
    html_message = render_to_string('emails/new_comment.html', {
        'post': comment.post,
        'comment': comment,
        'site_url': settings.SITE_URL
    })
  File "C:\Users\pen-cock\PycharmProjects\DjangoProjects\.venv\Lib\site-packages\django\template\loader.py", line 62, in render_to_string
    return template.render(context, request)
           ~~~~~~~~~~~~~~~^^^^^^^^^^^^^^^^^^
  File "C:\Users\pen-cock\PycharmProjects\DjangoProjects\.venv\Lib\site-packages\django\template\backends\django.py", line 107, in render
    return self.template.render(context)
           ~~~~~~~~~~~~~~~~~~~~^^^^^^^^^
  File "C:\Users\pen-cock\PycharmProjects\DjangoProjects\.venv\Lib\site-packages\django\template\base.py", line 171, in render
    return self._render(context)
           ~~~~~~~~~~~~^^^^^^^^^
  File "C:\Users\pen-cock\PycharmProjects\DjangoProjects\.venv\Lib\site-packages\django\template\base.py", line 163, in _render
    return self.nodelist.render(context)
           ~~~~~~~~~~~~~~~~~~~~^^^^^^^^^
  File "C:\Users\pen-cock\PycharmProjects\DjangoProjects\.venv\Lib\site-packages\django\template\base.py", line 1008, in render
    return SafeString("".join([node.render_annotated(context) for node in self]))
                               ~~~~~~~~~~~~~~~~~~~~~^^^^^^^^^
  File "C:\Users\pen-cock\PycharmProjects\DjangoProjects\.venv\Lib\site-packages\django\template\base.py", line 969, in render_annotated
    return self.render(context)
           ~~~~~~~~~~~^^^^^^^^^
  File "C:\Users\pen-cock\PycharmProjects\DjangoProjects\.venv\Lib\site-packages\django\template\base.py", line 1067, in render
    output = self.filter_expression.resolve(context)
  File "C:\Users\pen-cock\PycharmProjects\DjangoProjects\.venv\Lib\site-packages\django\template\base.py", line 718, in resolve
    obj = self.var.resolve(context)
  File "C:\Users\pen-cock\PycharmProjects\DjangoProjects\.venv\Lib\site-packages\django\template\base.py", line 850, in resolve
    value = self._resolve_lookup(context)
  File "C:\Users\pen-cock\PycharmProjects\DjangoProjects\.venv\Lib\site-packages\django\template\base.py", line 917, in _resolve_lookup
    current = current()
  File "C:\Users\pen-cock\PycharmProjects\DjangoProjects\Newspaper\Newspaper\news\models.py", line 76, in get_absolute_url
    return reverse('post_detail', args=[str(self.id)])
  File "C:\Users\pen-cock\PycharmProjects\DjangoProjects\.venv\Lib\site-packages\django\urls\base.py", line 88, in reverse
    return resolver._reverse_with_prefix(view, prefix, *args, **kwargs)
           ~~~~~~~~~~~~~~~~~~~~~~~~~~~~~^^^^^^^^^^^^^^^^^^^^^^^^^^^^^^^
  File "C:\Users\pen-cock\PycharmProjects\DjangoProjects\.venv\Lib\site-packages\django\urls\resolvers.py", line 831, in _reverse_with_prefix
    raise NoReverseMatch(msg)
django.urls.exceptions.NoReverseMatch: Reverse for 'post_detail' not found. 'post_detail' is not a valid view function or pattern name.
2025-07-05 20:45:35,542 ERROR "POST /news/80/comment/ HTTP/1.1" 500 197288 C:\Users\pen-cock\PycharmProjects\DjangoProjects\.venv\Lib\site-packages\django\core\servers\basehttp.py
None
2025-07-05 20:53:14,171 ERROR Internal Server Error: /news/80/comment/ C:\Users\pen-cock\PycharmProjects\DjangoProjects\.venv\Lib\site-packages\django\utils\log.py
(<class 'django.urls.exceptions.NoReverseMatch'>, NoReverseMatch("Reverse for 'post_detail' not found. 'post_detail' is not a valid view function or pattern name."), <traceback object at 0x000001CCA380D680>)
Traceback (most recent call last):
  File "C:\Users\pen-cock\PycharmProjects\DjangoProjects\.venv\Lib\site-packages\django\core\handlers\exception.py", line 55, in inner
    response = get_response(request)
  File "C:\Users\pen-cock\PycharmProjects\DjangoProjects\.venv\Lib\site-packages\django\core\handlers\base.py", line 197, in _get_response
    response = wrapped_callback(request, *callback_args, **callback_kwargs)
  File "C:\Users\pen-cock\PycharmProjects\DjangoProjects\.venv\Lib\site-packages\django\views\generic\base.py", line 104, in view
    return self.dispatch(request, *args, **kwargs)
           ~~~~~~~~~~~~~^^^^^^^^^^^^^^^^^^^^^^^^^^
  File "C:\Users\pen-cock\PycharmProjects\DjangoProjects\.venv\Lib\site-packages\django\contrib\auth\mixins.py", line 73, in dispatch
    return super().dispatch(request, *args, **kwargs)
           ~~~~~~~~~~~~~~~~^^^^^^^^^^^^^^^^^^^^^^^^^^
  File "C:\Users\pen-cock\PycharmProjects\DjangoProjects\.venv\Lib\site-packages\django\views\generic\base.py", line 143, in dispatch
    return handler(request, *args, **kwargs)
  File "C:\Users\pen-cock\PycharmProjects\DjangoProjects\.venv\Lib\site-packages\django\views\generic\edit.py", line 182, in post
    return super().post(request, *args, **kwargs)
           ~~~~~~~~~~~~^^^^^^^^^^^^^^^^^^^^^^^^^^
  File "C:\Users\pen-cock\PycharmProjects\DjangoProjects\.venv\Lib\site-packages\django\views\generic\edit.py", line 151, in post
    return self.form_valid(form)
           ~~~~~~~~~~~~~~~^^^^^^
  File "C:\Users\pen-cock\PycharmProjects\DjangoProjects\Newspaper\Newspaper\news\views.py", line 90, in form_valid
    return super().form_valid(form)
           ~~~~~~~~~~~~~~~~~~^^^^^^
  File "C:\Users\pen-cock\PycharmProjects\DjangoProjects\.venv\Lib\site-packages\django\views\generic\edit.py", line 133, in form_valid
    self.object = form.save()
                  ~~~~~~~~~^^
  File "C:\Users\pen-cock\PycharmProjects\DjangoProjects\.venv\Lib\site-packages\django\forms\models.py", line 554, in save
    self.instance.save()
    ~~~~~~~~~~~~~~~~~~^^
  File "C:\Users\pen-cock\PycharmProjects\DjangoProjects\.venv\Lib\site-packages\django\db\models\base.py", line 892, in save
    self.save_base(
    ~~~~~~~~~~~~~~^
        using=using,
        ^^^^^^^^^^^^
    ...<2 lines>...
        update_fields=update_fields,
        ^^^^^^^^^^^^^^^^^^^^^^^^^^^^
    )
    ^
  File "C:\Users\pen-cock\PycharmProjects\DjangoProjects\.venv\Lib\site-packages\django\db\models\base.py", line 1013, in save_base
    post_save.send(
    ~~~~~~~~~~~~~~^
        sender=origin,
        ^^^^^^^^^^^^^^
    ...<4 lines>...
        using=using,
        ^^^^^^^^^^^^
    )
    ^
  File "C:\Users\pen-cock\PycharmProjects\DjangoProjects\.venv\Lib\site-packages\django\dispatch\dispatcher.py", line 189, in send
    response = receiver(signal=self, sender=sender, **named)
  File "C:\Users\pen-cock\PycharmProjects\DjangoProjects\Newspaper\Newspaper\news\signals.py", line 13, in handle_comment_notifications
    send_new_comment_notification(instance)
    ~~~~~~~~~~~~~~~~~~~~~~~~~~~~~^^^^^^^^^^
  File "C:\Users\pen-cock\PycharmProjects\DjangoProjects\Newspaper\Newspaper\news\signals.py", line 22, in send_new_comment_notification
    html_message = render_to_string('emails/new_comment.html', {
        'post': comment.post,
        'comment': comment,
        'site_url': settings.SITE_URL
    })
  File "C:\Users\pen-cock\PycharmProjects\DjangoProjects\.venv\Lib\site-packages\django\template\loader.py", line 62, in render_to_string
    return template.render(context, request)
           ~~~~~~~~~~~~~~~^^^^^^^^^^^^^^^^^^
  File "C:\Users\pen-cock\PycharmProjects\DjangoProjects\.venv\Lib\site-packages\django\template\backends\django.py", line 107, in render
    return self.template.render(context)
           ~~~~~~~~~~~~~~~~~~~~^^^^^^^^^
  File "C:\Users\pen-cock\PycharmProjects\DjangoProjects\.venv\Lib\site-packages\django\template\base.py", line 171, in render
    return self._render(context)
           ~~~~~~~~~~~~^^^^^^^^^
  File "C:\Users\pen-cock\PycharmProjects\DjangoProjects\.venv\Lib\site-packages\django\template\base.py", line 163, in _render
    return self.nodelist.render(context)
           ~~~~~~~~~~~~~~~~~~~~^^^^^^^^^
  File "C:\Users\pen-cock\PycharmProjects\DjangoProjects\.venv\Lib\site-packages\django\template\base.py", line 1008, in render
    return SafeString("".join([node.render_annotated(context) for node in self]))
                               ~~~~~~~~~~~~~~~~~~~~~^^^^^^^^^
  File "C:\Users\pen-cock\PycharmProjects\DjangoProjects\.venv\Lib\site-packages\django\template\base.py", line 969, in render_annotated
    return self.render(context)
           ~~~~~~~~~~~^^^^^^^^^
  File "C:\Users\pen-cock\PycharmProjects\DjangoProjects\.venv\Lib\site-packages\django\template\base.py", line 1067, in render
    output = self.filter_expression.resolve(context)
  File "C:\Users\pen-cock\PycharmProjects\DjangoProjects\.venv\Lib\site-packages\django\template\base.py", line 718, in resolve
    obj = self.var.resolve(context)
  File "C:\Users\pen-cock\PycharmProjects\DjangoProjects\.venv\Lib\site-packages\django\template\base.py", line 850, in resolve
    value = self._resolve_lookup(context)
  File "C:\Users\pen-cock\PycharmProjects\DjangoProjects\.venv\Lib\site-packages\django\template\base.py", line 917, in _resolve_lookup
    current = current()
  File "C:\Users\pen-cock\PycharmProjects\DjangoProjects\Newspaper\Newspaper\news\models.py", line 76, in get_absolute_url
    return reverse('post_detail', args=[str(self.id)])
  File "C:\Users\pen-cock\PycharmProjects\DjangoProjects\.venv\Lib\site-packages\django\urls\base.py", line 88, in reverse
    return resolver._reverse_with_prefix(view, prefix, *args, **kwargs)
           ~~~~~~~~~~~~~~~~~~~~~~~~~~~~~^^^^^^^^^^^^^^^^^^^^^^^^^^^^^^^
  File "C:\Users\pen-cock\PycharmProjects\DjangoProjects\.venv\Lib\site-packages\django\urls\resolvers.py", line 831, in _reverse_with_prefix
    raise NoReverseMatch(msg)
django.urls.exceptions.NoReverseMatch: Reverse for 'post_detail' not found. 'post_detail' is not a valid view function or pattern name.
2025-07-05 20:53:14,180 ERROR "POST /news/80/comment/ HTTP/1.1" 500 197229 C:\Users\pen-cock\PycharmProjects\DjangoProjects\.venv\Lib\site-packages\django\core\servers\basehttp.py
None
2025-07-05 20:53:15,893 ERROR Internal Server Error: /news/80/comment/ C:\Users\pen-cock\PycharmProjects\DjangoProjects\.venv\Lib\site-packages\django\utils\log.py
(<class 'django.urls.exceptions.NoReverseMatch'>, NoReverseMatch("Reverse for 'post_detail' not found. 'post_detail' is not a valid view function or pattern name."), <traceback object at 0x000001CCA36F1B80>)
Traceback (most recent call last):
  File "C:\Users\pen-cock\PycharmProjects\DjangoProjects\.venv\Lib\site-packages\django\core\handlers\exception.py", line 55, in inner
    response = get_response(request)
  File "C:\Users\pen-cock\PycharmProjects\DjangoProjects\.venv\Lib\site-packages\django\core\handlers\base.py", line 197, in _get_response
    response = wrapped_callback(request, *callback_args, **callback_kwargs)
  File "C:\Users\pen-cock\PycharmProjects\DjangoProjects\.venv\Lib\site-packages\django\views\generic\base.py", line 104, in view
    return self.dispatch(request, *args, **kwargs)
           ~~~~~~~~~~~~~^^^^^^^^^^^^^^^^^^^^^^^^^^
  File "C:\Users\pen-cock\PycharmProjects\DjangoProjects\.venv\Lib\site-packages\django\contrib\auth\mixins.py", line 73, in dispatch
    return super().dispatch(request, *args, **kwargs)
           ~~~~~~~~~~~~~~~~^^^^^^^^^^^^^^^^^^^^^^^^^^
  File "C:\Users\pen-cock\PycharmProjects\DjangoProjects\.venv\Lib\site-packages\django\views\generic\base.py", line 143, in dispatch
    return handler(request, *args, **kwargs)
  File "C:\Users\pen-cock\PycharmProjects\DjangoProjects\.venv\Lib\site-packages\django\views\generic\edit.py", line 182, in post
    return super().post(request, *args, **kwargs)
           ~~~~~~~~~~~~^^^^^^^^^^^^^^^^^^^^^^^^^^
  File "C:\Users\pen-cock\PycharmProjects\DjangoProjects\.venv\Lib\site-packages\django\views\generic\edit.py", line 151, in post
    return self.form_valid(form)
           ~~~~~~~~~~~~~~~^^^^^^
  File "C:\Users\pen-cock\PycharmProjects\DjangoProjects\Newspaper\Newspaper\news\views.py", line 90, in form_valid
    return super().form_valid(form)
           ~~~~~~~~~~~~~~~~~~^^^^^^
  File "C:\Users\pen-cock\PycharmProjects\DjangoProjects\.venv\Lib\site-packages\django\views\generic\edit.py", line 133, in form_valid
    self.object = form.save()
                  ~~~~~~~~~^^
  File "C:\Users\pen-cock\PycharmProjects\DjangoProjects\.venv\Lib\site-packages\django\forms\models.py", line 554, in save
    self.instance.save()
    ~~~~~~~~~~~~~~~~~~^^
  File "C:\Users\pen-cock\PycharmProjects\DjangoProjects\.venv\Lib\site-packages\django\db\models\base.py", line 892, in save
    self.save_base(
    ~~~~~~~~~~~~~~^
        using=using,
        ^^^^^^^^^^^^
    ...<2 lines>...
        update_fields=update_fields,
        ^^^^^^^^^^^^^^^^^^^^^^^^^^^^
    )
    ^
  File "C:\Users\pen-cock\PycharmProjects\DjangoProjects\.venv\Lib\site-packages\django\db\models\base.py", line 1013, in save_base
    post_save.send(
    ~~~~~~~~~~~~~~^
        sender=origin,
        ^^^^^^^^^^^^^^
    ...<4 lines>...
        using=using,
        ^^^^^^^^^^^^
    )
    ^
  File "C:\Users\pen-cock\PycharmProjects\DjangoProjects\.venv\Lib\site-packages\django\dispatch\dispatcher.py", line 189, in send
    response = receiver(signal=self, sender=sender, **named)
  File "C:\Users\pen-cock\PycharmProjects\DjangoProjects\Newspaper\Newspaper\news\signals.py", line 13, in handle_comment_notifications
    send_new_comment_notification(instance)
    ~~~~~~~~~~~~~~~~~~~~~~~~~~~~~^^^^^^^^^^
  File "C:\Users\pen-cock\PycharmProjects\DjangoProjects\Newspaper\Newspaper\news\signals.py", line 22, in send_new_comment_notification
    html_message = render_to_string('emails/new_comment.html', {
        'post': comment.post,
        'comment': comment,
        'site_url': settings.SITE_URL
    })
  File "C:\Users\pen-cock\PycharmProjects\DjangoProjects\.venv\Lib\site-packages\django\template\loader.py", line 62, in render_to_string
    return template.render(context, request)
           ~~~~~~~~~~~~~~~^^^^^^^^^^^^^^^^^^
  File "C:\Users\pen-cock\PycharmProjects\DjangoProjects\.venv\Lib\site-packages\django\template\backends\django.py", line 107, in render
    return self.template.render(context)
           ~~~~~~~~~~~~~~~~~~~~^^^^^^^^^
  File "C:\Users\pen-cock\PycharmProjects\DjangoProjects\.venv\Lib\site-packages\django\template\base.py", line 171, in render
    return self._render(context)
           ~~~~~~~~~~~~^^^^^^^^^
  File "C:\Users\pen-cock\PycharmProjects\DjangoProjects\.venv\Lib\site-packages\django\template\base.py", line 163, in _render
    return self.nodelist.render(context)
           ~~~~~~~~~~~~~~~~~~~~^^^^^^^^^
  File "C:\Users\pen-cock\PycharmProjects\DjangoProjects\.venv\Lib\site-packages\django\template\base.py", line 1008, in render
    return SafeString("".join([node.render_annotated(context) for node in self]))
                               ~~~~~~~~~~~~~~~~~~~~~^^^^^^^^^
  File "C:\Users\pen-cock\PycharmProjects\DjangoProjects\.venv\Lib\site-packages\django\template\base.py", line 969, in render_annotated
    return self.render(context)
           ~~~~~~~~~~~^^^^^^^^^
  File "C:\Users\pen-cock\PycharmProjects\DjangoProjects\.venv\Lib\site-packages\django\template\base.py", line 1067, in render
    output = self.filter_expression.resolve(context)
  File "C:\Users\pen-cock\PycharmProjects\DjangoProjects\.venv\Lib\site-packages\django\template\base.py", line 718, in resolve
    obj = self.var.resolve(context)
  File "C:\Users\pen-cock\PycharmProjects\DjangoProjects\.venv\Lib\site-packages\django\template\base.py", line 850, in resolve
    value = self._resolve_lookup(context)
  File "C:\Users\pen-cock\PycharmProjects\DjangoProjects\.venv\Lib\site-packages\django\template\base.py", line 917, in _resolve_lookup
    current = current()
  File "C:\Users\pen-cock\PycharmProjects\DjangoProjects\Newspaper\Newspaper\news\models.py", line 76, in get_absolute_url
    return reverse('post_detail', args=[str(self.id)])
  File "C:\Users\pen-cock\PycharmProjects\DjangoProjects\.venv\Lib\site-packages\django\urls\base.py", line 88, in reverse
    return resolver._reverse_with_prefix(view, prefix, *args, **kwargs)
           ~~~~~~~~~~~~~~~~~~~~~~~~~~~~~^^^^^^^^^^^^^^^^^^^^^^^^^^^^^^^
  File "C:\Users\pen-cock\PycharmProjects\DjangoProjects\.venv\Lib\site-packages\django\urls\resolvers.py", line 831, in _reverse_with_prefix
    raise NoReverseMatch(msg)
django.urls.exceptions.NoReverseMatch: Reverse for 'post_detail' not found. 'post_detail' is not a valid view function or pattern name.
2025-07-05 20:53:15,898 ERROR "POST /news/80/comment/ HTTP/1.1" 500 197229 C:\Users\pen-cock\PycharmProjects\DjangoProjects\.venv\Lib\site-packages\django\core\servers\basehttp.py
None
2025-07-07 10:17:38,180 ERROR Internal Server Error: /news/80/comment/ C:\Users\pen-cock\PycharmProjects\DjangoProjects\.venv\Lib\site-packages\django\utils\log.py
(<class 'django.urls.exceptions.NoReverseMatch'>, NoReverseMatch("'comments' is not a registered namespace"), <traceback object at 0x000002D6DFC74180>)
Traceback (most recent call last):
  File "C:\Users\pen-cock\PycharmProjects\DjangoProjects\.venv\Lib\site-packages\django\urls\base.py", line 71, in reverse
    extra, resolver = resolver.namespace_dict[ns]
                      ~~~~~~~~~~~~~~~~~~~~~~~^^^^
KeyError: 'comments'

During handling of the above exception, another exception occurred:

Traceback (most recent call last):
  File "C:\Users\pen-cock\PycharmProjects\DjangoProjects\.venv\Lib\site-packages\django\core\handlers\exception.py", line 55, in inner
    response = get_response(request)
  File "C:\Users\pen-cock\PycharmProjects\DjangoProjects\.venv\Lib\site-packages\django\core\handlers\base.py", line 197, in _get_response
    response = wrapped_callback(request, *callback_args, **callback_kwargs)
  File "C:\Users\pen-cock\PycharmProjects\DjangoProjects\.venv\Lib\site-packages\django\views\generic\base.py", line 104, in view
    return self.dispatch(request, *args, **kwargs)
           ~~~~~~~~~~~~~^^^^^^^^^^^^^^^^^^^^^^^^^^
  File "C:\Users\pen-cock\PycharmProjects\DjangoProjects\.venv\Lib\site-packages\django\contrib\auth\mixins.py", line 73, in dispatch
    return super().dispatch(request, *args, **kwargs)
           ~~~~~~~~~~~~~~~~^^^^^^^^^^^^^^^^^^^^^^^^^^
  File "C:\Users\pen-cock\PycharmProjects\DjangoProjects\.venv\Lib\site-packages\django\views\generic\base.py", line 143, in dispatch
    return handler(request, *args, **kwargs)
  File "C:\Users\pen-cock\PycharmProjects\DjangoProjects\.venv\Lib\site-packages\django\views\generic\edit.py", line 182, in post
    return super().post(request, *args, **kwargs)
           ~~~~~~~~~~~~^^^^^^^^^^^^^^^^^^^^^^^^^^
  File "C:\Users\pen-cock\PycharmProjects\DjangoProjects\.venv\Lib\site-packages\django\views\generic\edit.py", line 151, in post
    return self.form_valid(form)
           ~~~~~~~~~~~~~~~^^^^^^
  File "C:\Users\pen-cock\PycharmProjects\DjangoProjects\Newspaper\Newspaper\news\views.py", line 91, in form_valid
    return super().form_valid(form)
           ~~~~~~~~~~~~~~~~~~^^^^^^
  File "C:\Users\pen-cock\PycharmProjects\DjangoProjects\.venv\Lib\site-packages\django\views\generic\edit.py", line 133, in form_valid
    self.object = form.save()
                  ~~~~~~~~~^^
  File "C:\Users\pen-cock\PycharmProjects\DjangoProjects\.venv\Lib\site-packages\django\forms\models.py", line 554, in save
    self.instance.save()
    ~~~~~~~~~~~~~~~~~~^^
  File "C:\Users\pen-cock\PycharmProjects\DjangoProjects\.venv\Lib\site-packages\django\db\models\base.py", line 892, in save
    self.save_base(
    ~~~~~~~~~~~~~~^
        using=using,
        ^^^^^^^^^^^^
    ...<2 lines>...
        update_fields=update_fields,
        ^^^^^^^^^^^^^^^^^^^^^^^^^^^^
    )
    ^
  File "C:\Users\pen-cock\PycharmProjects\DjangoProjects\.venv\Lib\site-packages\django\db\models\base.py", line 1013, in save_base
    post_save.send(
    ~~~~~~~~~~~~~~^
        sender=origin,
        ^^^^^^^^^^^^^^
    ...<4 lines>...
        using=using,
        ^^^^^^^^^^^^
    )
    ^
  File "C:\Users\pen-cock\PycharmProjects\DjangoProjects\.venv\Lib\site-packages\django\dispatch\dispatcher.py", line 189, in send
    response = receiver(signal=self, sender=sender, **named)
  File "C:\Users\pen-cock\PycharmProjects\DjangoProjects\Newspaper\Newspaper\news\signals.py", line 13, in handle_comment_notifications
    send_new_comment_notification(instance)
    ~~~~~~~~~~~~~~~~~~~~~~~~~~~~~^^^^^^^^^^
  File "C:\Users\pen-cock\PycharmProjects\DjangoProjects\Newspaper\Newspaper\news\signals.py", line 22, in send_new_comment_notification
    html_message = render_to_string('emails/new_comment.html', {
        'post': comment.post,
        'comment': comment,
        'site_url': settings.SITE_URL
    })
  File "C:\Users\pen-cock\PycharmProjects\DjangoProjects\.venv\Lib\site-packages\django\template\loader.py", line 62, in render_to_string
    return template.render(context, request)
           ~~~~~~~~~~~~~~~^^^^^^^^^^^^^^^^^^
  File "C:\Users\pen-cock\PycharmProjects\DjangoProjects\.venv\Lib\site-packages\django\template\backends\django.py", line 107, in render
    return self.template.render(context)
           ~~~~~~~~~~~~~~~~~~~~^^^^^^^^^
  File "C:\Users\pen-cock\PycharmProjects\DjangoProjects\.venv\Lib\site-packages\django\template\base.py", line 171, in render
    return self._render(context)
           ~~~~~~~~~~~~^^^^^^^^^
  File "C:\Users\pen-cock\PycharmProjects\DjangoProjects\.venv\Lib\site-packages\django\template\base.py", line 163, in _render
    return self.nodelist.render(context)
           ~~~~~~~~~~~~~~~~~~~~^^^^^^^^^
  File "C:\Users\pen-cock\PycharmProjects\DjangoProjects\.venv\Lib\site-packages\django\template\base.py", line 1008, in render
    return SafeString("".join([node.render_annotated(context) for node in self]))
                               ~~~~~~~~~~~~~~~~~~~~~^^^^^^^^^
  File "C:\Users\pen-cock\PycharmProjects\DjangoProjects\.venv\Lib\site-packages\django\template\base.py", line 969, in render_annotated
    return self.render(context)
           ~~~~~~~~~~~^^^^^^^^^
  File "C:\Users\pen-cock\PycharmProjects\DjangoProjects\.venv\Lib\site-packages\django\template\defaulttags.py", line 480, in render
    url = reverse(view_name, args=args, kwargs=kwargs, current_app=current_app)
  File "C:\Users\pen-cock\PycharmProjects\DjangoProjects\.venv\Lib\site-packages\django\urls\base.py", line 82, in reverse
    raise NoReverseMatch("%s is not a registered namespace" % key)
django.urls.exceptions.NoReverseMatch: 'comments' is not a registered namespace
2025-07-07 10:17:38,189 ERROR "POST /news/80/comment/ HTTP/1.1" 500 183463 C:\Users\pen-cock\PycharmProjects\DjangoProjects\.venv\Lib\site-packages\django\core\servers\basehttp.py
None
2025-07-07 10:46:20,695 ERROR Internal Server Error: /news/moderate/19/ C:\Users\pen-cock\PycharmProjects\DjangoProjects\.venv\Lib\site-packages\django\utils\log.py
(<class 'AttributeError'>, AttributeError("'Comment' object has no attribute 'tracker'"), <traceback object at 0x000001D49B6C1100>)
Traceback (most recent call last):
  File "C:\Users\pen-cock\PycharmProjects\DjangoProjects\.venv\Lib\site-packages\django\core\handlers\exception.py", line 55, in inner
    response = get_response(request)
  File "C:\Users\pen-cock\PycharmProjects\DjangoProjects\.venv\Lib\site-packages\django\core\handlers\base.py", line 197, in _get_response
    response = wrapped_callback(request, *callback_args, **callback_kwargs)
  File "C:\Users\pen-cock\PycharmProjects\DjangoProjects\.venv\Lib\site-packages\django\views\generic\base.py", line 104, in view
    return self.dispatch(request, *args, **kwargs)
           ~~~~~~~~~~~~~^^^^^^^^^^^^^^^^^^^^^^^^^^
  File "C:\Users\pen-cock\PycharmProjects\DjangoProjects\.venv\Lib\site-packages\django\contrib\auth\mixins.py", line 73, in dispatch
    return super().dispatch(request, *args, **kwargs)
           ~~~~~~~~~~~~~~~~^^^^^^^^^^^^^^^^^^^^^^^^^^
  File "C:\Users\pen-cock\PycharmProjects\DjangoProjects\.venv\Lib\site-packages\django\views\generic\base.py", line 143, in dispatch
    return handler(request, *args, **kwargs)
  File "C:\Users\pen-cock\PycharmProjects\DjangoProjects\.venv\Lib\site-packages\django\views\generic\edit.py", line 206, in post
    return super().post(request, *args, **kwargs)
           ~~~~~~~~~~~~^^^^^^^^^^^^^^^^^^^^^^^^^^
  File "C:\Users\pen-cock\PycharmProjects\DjangoProjects\.venv\Lib\site-packages\django\views\generic\edit.py", line 151, in post
    return self.form_valid(form)
           ~~~~~~~~~~~~~~~^^^^^^
  File "C:\Users\pen-cock\PycharmProjects\DjangoProjects\Newspaper\Newspaper\news\views.py", line 117, in form_valid
    response = super().form_valid(form)
  File "C:\Users\pen-cock\PycharmProjects\DjangoProjects\.venv\Lib\site-packages\django\views\generic\edit.py", line 133, in form_valid
    self.object = form.save()
                  ~~~~~~~~~^^
  File "C:\Users\pen-cock\PycharmProjects\DjangoProjects\.venv\Lib\site-packages\django\forms\models.py", line 554, in save
    self.instance.save()
    ~~~~~~~~~~~~~~~~~~^^
  File "C:\Users\pen-cock\PycharmProjects\DjangoProjects\.venv\Lib\site-packages\django\db\models\base.py", line 892, in save
    self.save_base(
    ~~~~~~~~~~~~~~^
        using=using,
        ^^^^^^^^^^^^
    ...<2 lines>...
        update_fields=update_fields,
        ^^^^^^^^^^^^^^^^^^^^^^^^^^^^
    )
    ^
  File "C:\Users\pen-cock\PycharmProjects\DjangoProjects\.venv\Lib\site-packages\django\db\models\base.py", line 1013, in save_base
    post_save.send(
    ~~~~~~~~~~~~~~^
        sender=origin,
        ^^^^^^^^^^^^^^
    ...<4 lines>...
        using=using,
        ^^^^^^^^^^^^
    )
    ^
  File "C:\Users\pen-cock\PycharmProjects\DjangoProjects\.venv\Lib\site-packages\django\dispatch\dispatcher.py", line 189, in send
    response = receiver(signal=self, sender=sender, **named)
  File "C:\Users\pen-cock\PycharmProjects\DjangoProjects\Newspaper\Newspaper\news\signals.py", line 16, in handle_comment_notifications
    if 'status' in instance.tracker.changed():
                   ^^^^^^^^^^^^^^^^
AttributeError: 'Comment' object has no attribute 'tracker'
2025-07-07 10:46:20,702 ERROR "POST /news/moderate/19/ HTTP/1.1" 500 131881 C:\Users\pen-cock\PycharmProjects\DjangoProjects\.venv\Lib\site-packages\django\core\servers\basehttp.py
None
2025-07-07 10:48:31,478 ERROR Internal Server Error: /news/moderate/21/ C:\Users\pen-cock\PycharmProjects\DjangoProjects\.venv\Lib\site-packages\django\utils\log.py
(<class 'AttributeError'>, AttributeError("'Comment' object has no attribute 'tracker'"), <traceback object at 0x000001D49BAF8480>)
Traceback (most recent call last):
  File "C:\Users\pen-cock\PycharmProjects\DjangoProjects\.venv\Lib\site-packages\django\core\handlers\exception.py", line 55, in inner
    response = get_response(request)
  File "C:\Users\pen-cock\PycharmProjects\DjangoProjects\.venv\Lib\site-packages\django\core\handlers\base.py", line 197, in _get_response
    response = wrapped_callback(request, *callback_args, **callback_kwargs)
  File "C:\Users\pen-cock\PycharmProjects\DjangoProjects\.venv\Lib\site-packages\django\views\generic\base.py", line 104, in view
    return self.dispatch(request, *args, **kwargs)
           ~~~~~~~~~~~~~^^^^^^^^^^^^^^^^^^^^^^^^^^
  File "C:\Users\pen-cock\PycharmProjects\DjangoProjects\.venv\Lib\site-packages\django\contrib\auth\mixins.py", line 73, in dispatch
    return super().dispatch(request, *args, **kwargs)
           ~~~~~~~~~~~~~~~~^^^^^^^^^^^^^^^^^^^^^^^^^^
  File "C:\Users\pen-cock\PycharmProjects\DjangoProjects\.venv\Lib\site-packages\django\views\generic\base.py", line 143, in dispatch
    return handler(request, *args, **kwargs)
  File "C:\Users\pen-cock\PycharmProjects\DjangoProjects\.venv\Lib\site-packages\django\views\generic\edit.py", line 206, in post
    return super().post(request, *args, **kwargs)
           ~~~~~~~~~~~~^^^^^^^^^^^^^^^^^^^^^^^^^^
  File "C:\Users\pen-cock\PycharmProjects\DjangoProjects\.venv\Lib\site-packages\django\views\generic\edit.py", line 151, in post
    return self.form_valid(form)
           ~~~~~~~~~~~~~~~^^^^^^
  File "C:\Users\pen-cock\PycharmProjects\DjangoProjects\Newspaper\Newspaper\news\views.py", line 117, in form_valid
    response = super().form_valid(form)
  File "C:\Users\pen-cock\PycharmProjects\DjangoProjects\.venv\Lib\site-packages\django\views\generic\edit.py", line 133, in form_valid
    self.object = form.save()
                  ~~~~~~~~~^^
  File "C:\Users\pen-cock\PycharmProjects\DjangoProjects\.venv\Lib\site-packages\django\forms\models.py", line 554, in save
    self.instance.save()
    ~~~~~~~~~~~~~~~~~~^^
  File "C:\Users\pen-cock\PycharmProjects\DjangoProjects\.venv\Lib\site-packages\django\db\models\base.py", line 892, in save
    self.save_base(
    ~~~~~~~~~~~~~~^
        using=using,
        ^^^^^^^^^^^^
    ...<2 lines>...
        update_fields=update_fields,
        ^^^^^^^^^^^^^^^^^^^^^^^^^^^^
    )
    ^
  File "C:\Users\pen-cock\PycharmProjects\DjangoProjects\.venv\Lib\site-packages\django\db\models\base.py", line 1013, in save_base
    post_save.send(
    ~~~~~~~~~~~~~~^
        sender=origin,
        ^^^^^^^^^^^^^^
    ...<4 lines>...
        using=using,
        ^^^^^^^^^^^^
    )
    ^
  File "C:\Users\pen-cock\PycharmProjects\DjangoProjects\.venv\Lib\site-packages\django\dispatch\dispatcher.py", line 189, in send
    response = receiver(signal=self, sender=sender, **named)
  File "C:\Users\pen-cock\PycharmProjects\DjangoProjects\Newspaper\Newspaper\news\signals.py", line 16, in handle_comment_notifications
    if 'status' in instance.tracker.changed():
                   ^^^^^^^^^^^^^^^^
AttributeError: 'Comment' object has no attribute 'tracker'
2025-07-07 10:48:31,483 ERROR "POST /news/moderate/21/ HTTP/1.1" 500 132025 C:\Users\pen-cock\PycharmProjects\DjangoProjects\.venv\Lib\site-packages\django\core\servers\basehttp.py
None
2025-07-07 10:55:38,116 ERROR Internal Server Error: /news/moderate/20/ C:\Users\pen-cock\PycharmProjects\DjangoProjects\.venv\Lib\site-packages\django\utils\log.py
(<class 'AttributeError'>, AttributeError("'Comment' object has no attribute 'tracker'"), <traceback object at 0x000001D49B63D980>)
Traceback (most recent call last):
  File "C:\Users\pen-cock\PycharmProjects\DjangoProjects\.venv\Lib\site-packages\django\core\handlers\exception.py", line 55, in inner
    response = get_response(request)
  File "C:\Users\pen-cock\PycharmProjects\DjangoProjects\.venv\Lib\site-packages\django\core\handlers\base.py", line 197, in _get_response
    response = wrapped_callback(request, *callback_args, **callback_kwargs)
  File "C:\Users\pen-cock\PycharmProjects\DjangoProjects\.venv\Lib\site-packages\django\views\generic\base.py", line 104, in view
    return self.dispatch(request, *args, **kwargs)
           ~~~~~~~~~~~~~^^^^^^^^^^^^^^^^^^^^^^^^^^
  File "C:\Users\pen-cock\PycharmProjects\DjangoProjects\.venv\Lib\site-packages\django\contrib\auth\mixins.py", line 73, in dispatch
    return super().dispatch(request, *args, **kwargs)
           ~~~~~~~~~~~~~~~~^^^^^^^^^^^^^^^^^^^^^^^^^^
  File "C:\Users\pen-cock\PycharmProjects\DjangoProjects\.venv\Lib\site-packages\django\views\generic\base.py", line 143, in dispatch
    return handler(request, *args, **kwargs)
  File "C:\Users\pen-cock\PycharmProjects\DjangoProjects\.venv\Lib\site-packages\django\views\generic\edit.py", line 206, in post
    return super().post(request, *args, **kwargs)
           ~~~~~~~~~~~~^^^^^^^^^^^^^^^^^^^^^^^^^^
  File "C:\Users\pen-cock\PycharmProjects\DjangoProjects\.venv\Lib\site-packages\django\views\generic\edit.py", line 151, in post
    return self.form_valid(form)
           ~~~~~~~~~~~~~~~^^^^^^
  File "C:\Users\pen-cock\PycharmProjects\DjangoProjects\Newspaper\Newspaper\news\views.py", line 117, in form_valid
    response = super().form_valid(form)
  File "C:\Users\pen-cock\PycharmProjects\DjangoProjects\.venv\Lib\site-packages\django\views\generic\edit.py", line 133, in form_valid
    self.object = form.save()
                  ~~~~~~~~~^^
  File "C:\Users\pen-cock\PycharmProjects\DjangoProjects\.venv\Lib\site-packages\django\forms\models.py", line 554, in save
    self.instance.save()
    ~~~~~~~~~~~~~~~~~~^^
  File "C:\Users\pen-cock\PycharmProjects\DjangoProjects\.venv\Lib\site-packages\django\db\models\base.py", line 892, in save
    self.save_base(
    ~~~~~~~~~~~~~~^
        using=using,
        ^^^^^^^^^^^^
    ...<2 lines>...
        update_fields=update_fields,
        ^^^^^^^^^^^^^^^^^^^^^^^^^^^^
    )
    ^
  File "C:\Users\pen-cock\PycharmProjects\DjangoProjects\.venv\Lib\site-packages\django\db\models\base.py", line 1013, in save_base
    post_save.send(
    ~~~~~~~~~~~~~~^
        sender=origin,
        ^^^^^^^^^^^^^^
    ...<4 lines>...
        using=using,
        ^^^^^^^^^^^^
    )
    ^
  File "C:\Users\pen-cock\PycharmProjects\DjangoProjects\.venv\Lib\site-packages\django\dispatch\dispatcher.py", line 189, in send
    response = receiver(signal=self, sender=sender, **named)
  File "C:\Users\pen-cock\PycharmProjects\DjangoProjects\Newspaper\Newspaper\news\signals.py", line 16, in handle_comment_notifications
    if 'status' in instance.tracker.changed():
                   ^^^^^^^^^^^^^^^^
AttributeError: 'Comment' object has no attribute 'tracker'
2025-07-07 10:55:38,120 ERROR "POST /news/moderate/20/ HTTP/1.1" 500 131881 C:\Users\pen-cock\PycharmProjects\DjangoProjects\.venv\Lib\site-packages\django\core\servers\basehttp.py
None
2025-07-07 11:01:56,173 ERROR Internal Server Error: /news/moderate/20/ C:\Users\pen-cock\PycharmProjects\DjangoProjects\.venv\Lib\site-packages\django\utils\log.py
(<class 'django.urls.exceptions.NoReverseMatch'>, NoReverseMatch("'comments' is not a registered namespace"), <traceback object at 0x0000020E7737EA80>)
Traceback (most recent call last):
  File "C:\Users\pen-cock\PycharmProjects\DjangoProjects\.venv\Lib\site-packages\django\urls\base.py", line 71, in reverse
    extra, resolver = resolver.namespace_dict[ns]
                      ~~~~~~~~~~~~~~~~~~~~~~~^^^^
KeyError: 'comments'

During handling of the above exception, another exception occurred:

Traceback (most recent call last):
  File "C:\Users\pen-cock\PycharmProjects\DjangoProjects\.venv\Lib\site-packages\django\core\handlers\exception.py", line 55, in inner
    response = get_response(request)
  File "C:\Users\pen-cock\PycharmProjects\DjangoProjects\.venv\Lib\site-packages\django\core\handlers\base.py", line 197, in _get_response
    response = wrapped_callback(request, *callback_args, **callback_kwargs)
  File "C:\Users\pen-cock\PycharmProjects\DjangoProjects\.venv\Lib\site-packages\django\views\generic\base.py", line 104, in view
    return self.dispatch(request, *args, **kwargs)
           ~~~~~~~~~~~~~^^^^^^^^^^^^^^^^^^^^^^^^^^
  File "C:\Users\pen-cock\PycharmProjects\DjangoProjects\.venv\Lib\site-packages\django\contrib\auth\mixins.py", line 73, in dispatch
    return super().dispatch(request, *args, **kwargs)
           ~~~~~~~~~~~~~~~~^^^^^^^^^^^^^^^^^^^^^^^^^^
  File "C:\Users\pen-cock\PycharmProjects\DjangoProjects\.venv\Lib\site-packages\django\views\generic\base.py", line 143, in dispatch
    return handler(request, *args, **kwargs)
  File "C:\Users\pen-cock\PycharmProjects\DjangoProjects\.venv\Lib\site-packages\django\views\generic\edit.py", line 206, in post
    return super().post(request, *args, **kwargs)
           ~~~~~~~~~~~~^^^^^^^^^^^^^^^^^^^^^^^^^^
  File "C:\Users\pen-cock\PycharmProjects\DjangoProjects\.venv\Lib\site-packages\django\views\generic\edit.py", line 151, in post
    return self.form_valid(form)
           ~~~~~~~~~~~~~~~^^^^^^
  File "C:\Users\pen-cock\PycharmProjects\DjangoProjects\Newspaper\Newspaper\news\views.py", line 117, in form_valid
    response = super().form_valid(form)
  File "C:\Users\pen-cock\PycharmProjects\DjangoProjects\.venv\Lib\site-packages\django\views\generic\edit.py", line 134, in form_valid
    return super().form_valid(form)
           ~~~~~~~~~~~~~~~~~~^^^^^^
  File "C:\Users\pen-cock\PycharmProjects\DjangoProjects\.venv\Lib\site-packages\django\views\generic\edit.py", line 63, in form_valid
    return HttpResponseRedirect(self.get_success_url())
                                ~~~~~~~~~~~~~~~~~~~~^^
  File "C:\Users\pen-cock\PycharmProjects\DjangoProjects\.venv\Lib\site-packages\django\views\generic\edit.py", line 119, in get_success_url
    if self.success_url:
       ^^^^^^^^^^^^^^^^
  File "C:\Users\pen-cock\PycharmProjects\DjangoProjects\.venv\Lib\site-packages\django\utils\functional.py", line 187, in __wrapper__
    result = func(*self._args, **self._kw)
  File "C:\Users\pen-cock\PycharmProjects\DjangoProjects\.venv\Lib\site-packages\django\urls\base.py", line 82, in reverse
    raise NoReverseMatch("%s is not a registered namespace" % key)
django.urls.exceptions.NoReverseMatch: 'comments' is not a registered namespace
2025-07-07 11:01:56,178 ERROR "POST /news/moderate/20/ HTTP/1.1" 500 133015 C:\Users\pen-cock\PycharmProjects\DjangoProjects\.venv\Lib\site-packages\django\core\servers\basehttp.py
None
2025-07-07 11:02:44,885 ERROR Internal Server Error: /news/moderate/20/ C:\Users\pen-cock\PycharmProjects\DjangoProjects\.venv\Lib\site-packages\django\utils\log.py
(<class 'django.urls.exceptions.NoReverseMatch'>, NoReverseMatch("Reverse for 'moderation_list' not found. 'moderation_list' is not a valid view function or pattern name."), <traceback object at 0x000002244CFFB980>)
Traceback (most recent call last):
  File "C:\Users\pen-cock\PycharmProjects\DjangoProjects\.venv\Lib\site-packages\django\core\handlers\exception.py", line 55, in inner
    response = get_response(request)
  File "C:\Users\pen-cock\PycharmProjects\DjangoProjects\.venv\Lib\site-packages\django\core\handlers\base.py", line 197, in _get_response
    response = wrapped_callback(request, *callback_args, **callback_kwargs)
  File "C:\Users\pen-cock\PycharmProjects\DjangoProjects\.venv\Lib\site-packages\django\views\generic\base.py", line 104, in view
    return self.dispatch(request, *args, **kwargs)
           ~~~~~~~~~~~~~^^^^^^^^^^^^^^^^^^^^^^^^^^
  File "C:\Users\pen-cock\PycharmProjects\DjangoProjects\.venv\Lib\site-packages\django\contrib\auth\mixins.py", line 73, in dispatch
    return super().dispatch(request, *args, **kwargs)
           ~~~~~~~~~~~~~~~~^^^^^^^^^^^^^^^^^^^^^^^^^^
  File "C:\Users\pen-cock\PycharmProjects\DjangoProjects\.venv\Lib\site-packages\django\views\generic\base.py", line 143, in dispatch
    return handler(request, *args, **kwargs)
  File "C:\Users\pen-cock\PycharmProjects\DjangoProjects\.venv\Lib\site-packages\django\views\generic\edit.py", line 206, in post
    return super().post(request, *args, **kwargs)
           ~~~~~~~~~~~~^^^^^^^^^^^^^^^^^^^^^^^^^^
  File "C:\Users\pen-cock\PycharmProjects\DjangoProjects\.venv\Lib\site-packages\django\views\generic\edit.py", line 151, in post
    return self.form_valid(form)
           ~~~~~~~~~~~~~~~^^^^^^
  File "C:\Users\pen-cock\PycharmProjects\DjangoProjects\Newspaper\Newspaper\news\views.py", line 117, in form_valid
    response = super().form_valid(form)
  File "C:\Users\pen-cock\PycharmProjects\DjangoProjects\.venv\Lib\site-packages\django\views\generic\edit.py", line 134, in form_valid
    return super().form_valid(form)
           ~~~~~~~~~~~~~~~~~~^^^^^^
  File "C:\Users\pen-cock\PycharmProjects\DjangoProjects\.venv\Lib\site-packages\django\views\generic\edit.py", line 63, in form_valid
    return HttpResponseRedirect(self.get_success_url())
                                ~~~~~~~~~~~~~~~~~~~~^^
  File "C:\Users\pen-cock\PycharmProjects\DjangoProjects\.venv\Lib\site-packages\django\views\generic\edit.py", line 119, in get_success_url
    if self.success_url:
       ^^^^^^^^^^^^^^^^
  File "C:\Users\pen-cock\PycharmProjects\DjangoProjects\.venv\Lib\site-packages\django\utils\functional.py", line 187, in __wrapper__
    result = func(*self._args, **self._kw)
  File "C:\Users\pen-cock\PycharmProjects\DjangoProjects\.venv\Lib\site-packages\django\urls\base.py", line 88, in reverse
    return resolver._reverse_with_prefix(view, prefix, *args, **kwargs)
           ~~~~~~~~~~~~~~~~~~~~~~~~~~~~~^^^^^^^^^^^^^^^^^^^^^^^^^^^^^^^
  File "C:\Users\pen-cock\PycharmProjects\DjangoProjects\.venv\Lib\site-packages\django\urls\resolvers.py", line 831, in _reverse_with_prefix
    raise NoReverseMatch(msg)
django.urls.exceptions.NoReverseMatch: Reverse for 'moderation_list' not found. 'moderation_list' is not a valid view function or pattern name.
2025-07-07 11:02:44,890 ERROR "POST /news/moderate/20/ HTTP/1.1" 500 131698 C:\Users\pen-cock\PycharmProjects\DjangoProjects\.venv\Lib\site-packages\django\core\servers\basehttp.py
None
2025-07-07 11:11:15,018 ERROR Internal Server Error: /news/moderate/20/ C:\Users\pen-cock\PycharmProjects\DjangoProjects\.venv\Lib\site-packages\django\utils\log.py
(<class 'django.urls.exceptions.NoReverseMatch'>, NoReverseMatch("Reverse for 'moderation_list' not found. 'moderation_list' is not a valid view function or pattern name."), <traceback object at 0x000002228AB60640>)
Traceback (most recent call last):
  File "C:\Users\pen-cock\PycharmProjects\DjangoProjects\.venv\Lib\site-packages\django\core\handlers\exception.py", line 55, in inner
    response = get_response(request)
  File "C:\Users\pen-cock\PycharmProjects\DjangoProjects\.venv\Lib\site-packages\django\core\handlers\base.py", line 197, in _get_response
    response = wrapped_callback(request, *callback_args, **callback_kwargs)
  File "C:\Users\pen-cock\PycharmProjects\DjangoProjects\.venv\Lib\site-packages\django\views\generic\base.py", line 104, in view
    return self.dispatch(request, *args, **kwargs)
           ~~~~~~~~~~~~~^^^^^^^^^^^^^^^^^^^^^^^^^^
  File "C:\Users\pen-cock\PycharmProjects\DjangoProjects\.venv\Lib\site-packages\django\contrib\auth\mixins.py", line 73, in dispatch
    return super().dispatch(request, *args, **kwargs)
           ~~~~~~~~~~~~~~~~^^^^^^^^^^^^^^^^^^^^^^^^^^
  File "C:\Users\pen-cock\PycharmProjects\DjangoProjects\.venv\Lib\site-packages\django\views\generic\base.py", line 143, in dispatch
    return handler(request, *args, **kwargs)
  File "C:\Users\pen-cock\PycharmProjects\DjangoProjects\.venv\Lib\site-packages\django\views\generic\edit.py", line 206, in post
    return super().post(request, *args, **kwargs)
           ~~~~~~~~~~~~^^^^^^^^^^^^^^^^^^^^^^^^^^
  File "C:\Users\pen-cock\PycharmProjects\DjangoProjects\.venv\Lib\site-packages\django\views\generic\edit.py", line 151, in post
    return self.form_valid(form)
           ~~~~~~~~~~~~~~~^^^^^^
  File "C:\Users\pen-cock\PycharmProjects\DjangoProjects\Newspaper\Newspaper\news\views.py", line 117, in form_valid
    response = super().form_valid(form)
  File "C:\Users\pen-cock\PycharmProjects\DjangoProjects\.venv\Lib\site-packages\django\views\generic\edit.py", line 134, in form_valid
    return super().form_valid(form)
           ~~~~~~~~~~~~~~~~~~^^^^^^
  File "C:\Users\pen-cock\PycharmProjects\DjangoProjects\.venv\Lib\site-packages\django\views\generic\edit.py", line 63, in form_valid
    return HttpResponseRedirect(self.get_success_url())
                                ~~~~~~~~~~~~~~~~~~~~^^
  File "C:\Users\pen-cock\PycharmProjects\DjangoProjects\.venv\Lib\site-packages\django\views\generic\edit.py", line 119, in get_success_url
    if self.success_url:
       ^^^^^^^^^^^^^^^^
  File "C:\Users\pen-cock\PycharmProjects\DjangoProjects\.venv\Lib\site-packages\django\utils\functional.py", line 187, in __wrapper__
    result = func(*self._args, **self._kw)
  File "C:\Users\pen-cock\PycharmProjects\DjangoProjects\.venv\Lib\site-packages\django\urls\base.py", line 88, in reverse
    return resolver._reverse_with_prefix(view, prefix, *args, **kwargs)
           ~~~~~~~~~~~~~~~~~~~~~~~~~~~~~^^^^^^^^^^^^^^^^^^^^^^^^^^^^^^^
  File "C:\Users\pen-cock\PycharmProjects\DjangoProjects\.venv\Lib\site-packages\django\urls\resolvers.py", line 831, in _reverse_with_prefix
    raise NoReverseMatch(msg)
django.urls.exceptions.NoReverseMatch: Reverse for 'moderation_list' not found. 'moderation_list' is not a valid view function or pattern name.
2025-07-07 11:11:15,023 ERROR "POST /news/moderate/20/ HTTP/1.1" 500 131698 C:\Users\pen-cock\PycharmProjects\DjangoProjects\.venv\Lib\site-packages\django\core\servers\basehttp.py
None
2025-07-07 11:11:17,506 ERROR Internal Server Error: /news/moderate/20/ C:\Users\pen-cock\PycharmProjects\DjangoProjects\.venv\Lib\site-packages\django\utils\log.py
(<class 'django.urls.exceptions.NoReverseMatch'>, NoReverseMatch("Reverse for 'moderation_list' not found. 'moderation_list' is not a valid view function or pattern name."), <traceback object at 0x000002228AA57380>)
Traceback (most recent call last):
  File "C:\Users\pen-cock\PycharmProjects\DjangoProjects\.venv\Lib\site-packages\django\core\handlers\exception.py", line 55, in inner
    response = get_response(request)
  File "C:\Users\pen-cock\PycharmProjects\DjangoProjects\.venv\Lib\site-packages\django\core\handlers\base.py", line 197, in _get_response
    response = wrapped_callback(request, *callback_args, **callback_kwargs)
  File "C:\Users\pen-cock\PycharmProjects\DjangoProjects\.venv\Lib\site-packages\django\views\generic\base.py", line 104, in view
    return self.dispatch(request, *args, **kwargs)
           ~~~~~~~~~~~~~^^^^^^^^^^^^^^^^^^^^^^^^^^
  File "C:\Users\pen-cock\PycharmProjects\DjangoProjects\.venv\Lib\site-packages\django\contrib\auth\mixins.py", line 73, in dispatch
    return super().dispatch(request, *args, **kwargs)
           ~~~~~~~~~~~~~~~~^^^^^^^^^^^^^^^^^^^^^^^^^^
  File "C:\Users\pen-cock\PycharmProjects\DjangoProjects\.venv\Lib\site-packages\django\views\generic\base.py", line 143, in dispatch
    return handler(request, *args, **kwargs)
  File "C:\Users\pen-cock\PycharmProjects\DjangoProjects\.venv\Lib\site-packages\django\views\generic\edit.py", line 206, in post
    return super().post(request, *args, **kwargs)
           ~~~~~~~~~~~~^^^^^^^^^^^^^^^^^^^^^^^^^^
  File "C:\Users\pen-cock\PycharmProjects\DjangoProjects\.venv\Lib\site-packages\django\views\generic\edit.py", line 151, in post
    return self.form_valid(form)
           ~~~~~~~~~~~~~~~^^^^^^
  File "C:\Users\pen-cock\PycharmProjects\DjangoProjects\Newspaper\Newspaper\news\views.py", line 117, in form_valid
    response = super().form_valid(form)
  File "C:\Users\pen-cock\PycharmProjects\DjangoProjects\.venv\Lib\site-packages\django\views\generic\edit.py", line 134, in form_valid
    return super().form_valid(form)
           ~~~~~~~~~~~~~~~~~~^^^^^^
  File "C:\Users\pen-cock\PycharmProjects\DjangoProjects\.venv\Lib\site-packages\django\views\generic\edit.py", line 63, in form_valid
    return HttpResponseRedirect(self.get_success_url())
                                ~~~~~~~~~~~~~~~~~~~~^^
  File "C:\Users\pen-cock\PycharmProjects\DjangoProjects\.venv\Lib\site-packages\django\views\generic\edit.py", line 119, in get_success_url
    if self.success_url:
       ^^^^^^^^^^^^^^^^
  File "C:\Users\pen-cock\PycharmProjects\DjangoProjects\.venv\Lib\site-packages\django\utils\functional.py", line 187, in __wrapper__
    result = func(*self._args, **self._kw)
  File "C:\Users\pen-cock\PycharmProjects\DjangoProjects\.venv\Lib\site-packages\django\urls\base.py", line 88, in reverse
    return resolver._reverse_with_prefix(view, prefix, *args, **kwargs)
           ~~~~~~~~~~~~~~~~~~~~~~~~~~~~~^^^^^^^^^^^^^^^^^^^^^^^^^^^^^^^
  File "C:\Users\pen-cock\PycharmProjects\DjangoProjects\.venv\Lib\site-packages\django\urls\resolvers.py", line 831, in _reverse_with_prefix
    raise NoReverseMatch(msg)
django.urls.exceptions.NoReverseMatch: Reverse for 'moderation_list' not found. 'moderation_list' is not a valid view function or pattern name.
2025-07-07 11:11:17,509 ERROR "POST /news/moderate/20/ HTTP/1.1" 500 131698 C:\Users\pen-cock\PycharmProjects\DjangoProjects\.venv\Lib\site-packages\django\core\servers\basehttp.py
None
2025-07-07 11:11:33,648 ERROR Internal Server Error: /news/moderate/ C:\Users\pen-cock\PycharmProjects\DjangoProjects\.venv\Lib\site-packages\django\utils\log.py
(<class 'AttributeError'>, AttributeError("type object 'Comment' has no attribute 'STATUS_PENDING'"), <traceback object at 0x0000017B28007D40>)
Traceback (most recent call last):
  File "C:\Users\pen-cock\PycharmProjects\DjangoProjects\.venv\Lib\site-packages\django\core\handlers\exception.py", line 55, in inner
    response = get_response(request)
  File "C:\Users\pen-cock\PycharmProjects\DjangoProjects\.venv\Lib\site-packages\django\core\handlers\base.py", line 197, in _get_response
    response = wrapped_callback(request, *callback_args, **callback_kwargs)
  File "C:\Users\pen-cock\PycharmProjects\DjangoProjects\.venv\Lib\site-packages\django\views\generic\base.py", line 104, in view
    return self.dispatch(request, *args, **kwargs)
           ~~~~~~~~~~~~~^^^^^^^^^^^^^^^^^^^^^^^^^^
  File "C:\Users\pen-cock\PycharmProjects\DjangoProjects\.venv\Lib\site-packages\django\contrib\auth\mixins.py", line 73, in dispatch
    return super().dispatch(request, *args, **kwargs)
           ~~~~~~~~~~~~~~~~^^^^^^^^^^^^^^^^^^^^^^^^^^
  File "C:\Users\pen-cock\PycharmProjects\DjangoProjects\.venv\Lib\site-packages\django\views\generic\base.py", line 143, in dispatch
    return handler(request, *args, **kwargs)
  File "C:\Users\pen-cock\PycharmProjects\DjangoProjects\.venv\Lib\site-packages\django\views\generic\list.py", line 154, in get
    self.object_list = self.get_queryset()
                       ~~~~~~~~~~~~~~~~~^^
  File "C:\Users\pen-cock\PycharmProjects\DjangoProjects\Newspaper\Newspaper\news\views.py", line 106, in get_queryset
    status=Comment.STATUS_PENDING
           ^^^^^^^^^^^^^^^^^^^^^^
AttributeError: type object 'Comment' has no attribute 'STATUS_PENDING'
2025-07-07 11:11:33,653 ERROR "GET /news/moderate/ HTTP/1.1" 500 97508 C:\Users\pen-cock\PycharmProjects\DjangoProjects\.venv\Lib\site-packages\django\core\servers\basehttp.py
None
2025-07-07 11:14:07,947 ERROR Internal Server Error: /news/moderate/ C:\Users\pen-cock\PycharmProjects\DjangoProjects\.venv\Lib\site-packages\django\utils\log.py
(<class 'django.urls.exceptions.NoReverseMatch'>, NoReverseMatch("Reverse for 'moderate' not found. 'moderate' is not a valid view function or pattern name."), <traceback object at 0x000002799066B5C0>)
Traceback (most recent call last):
  File "C:\Users\pen-cock\PycharmProjects\DjangoProjects\.venv\Lib\site-packages\django\core\handlers\exception.py", line 55, in inner
    response = get_response(request)
  File "C:\Users\pen-cock\PycharmProjects\DjangoProjects\.venv\Lib\site-packages\django\core\handlers\base.py", line 220, in _get_response
    response = response.render()
  File "C:\Users\pen-cock\PycharmProjects\DjangoProjects\.venv\Lib\site-packages\django\template\response.py", line 114, in render
    self.content = self.rendered_content
                   ^^^^^^^^^^^^^^^^^^^^^
  File "C:\Users\pen-cock\PycharmProjects\DjangoProjects\.venv\Lib\site-packages\django\template\response.py", line 92, in rendered_content
    return template.render(context, self._request)
           ~~~~~~~~~~~~~~~^^^^^^^^^^^^^^^^^^^^^^^^
  File "C:\Users\pen-cock\PycharmProjects\DjangoProjects\.venv\Lib\site-packages\django\template\backends\django.py", line 107, in render
    return self.template.render(context)
           ~~~~~~~~~~~~~~~~~~~~^^^^^^^^^
  File "C:\Users\pen-cock\PycharmProjects\DjangoProjects\.venv\Lib\site-packages\django\template\base.py", line 171, in render
    return self._render(context)
           ~~~~~~~~~~~~^^^^^^^^^
  File "C:\Users\pen-cock\PycharmProjects\DjangoProjects\.venv\Lib\site-packages\django\template\base.py", line 163, in _render
    return self.nodelist.render(context)
           ~~~~~~~~~~~~~~~~~~~~^^^^^^^^^
  File "C:\Users\pen-cock\PycharmProjects\DjangoProjects\.venv\Lib\site-packages\django\template\base.py", line 1008, in render
    return SafeString("".join([node.render_annotated(context) for node in self]))
                               ~~~~~~~~~~~~~~~~~~~~~^^^^^^^^^
  File "C:\Users\pen-cock\PycharmProjects\DjangoProjects\.venv\Lib\site-packages\django\template\base.py", line 969, in render_annotated
    return self.render(context)
           ~~~~~~~~~~~^^^^^^^^^
  File "C:\Users\pen-cock\PycharmProjects\DjangoProjects\.venv\Lib\site-packages\django\template\loader_tags.py", line 159, in render
    return compiled_parent._render(context)
           ~~~~~~~~~~~~~~~~~~~~~~~^^^^^^^^^
  File "C:\Users\pen-cock\PycharmProjects\DjangoProjects\.venv\Lib\site-packages\django\template\base.py", line 163, in _render
    return self.nodelist.render(context)
           ~~~~~~~~~~~~~~~~~~~~^^^^^^^^^
  File "C:\Users\pen-cock\PycharmProjects\DjangoProjects\.venv\Lib\site-packages\django\template\base.py", line 1008, in render
    return SafeString("".join([node.render_annotated(context) for node in self]))
                               ~~~~~~~~~~~~~~~~~~~~~^^^^^^^^^
  File "C:\Users\pen-cock\PycharmProjects\DjangoProjects\.venv\Lib\site-packages\django\template\base.py", line 969, in render_annotated
    return self.render(context)
           ~~~~~~~~~~~^^^^^^^^^
  File "C:\Users\pen-cock\PycharmProjects\DjangoProjects\.venv\Lib\site-packages\django\template\loader_tags.py", line 65, in render
    result = block.nodelist.render(context)
  File "C:\Users\pen-cock\PycharmProjects\DjangoProjects\.venv\Lib\site-packages\django\template\base.py", line 1008, in render
    return SafeString("".join([node.render_annotated(context) for node in self]))
                               ~~~~~~~~~~~~~~~~~~~~~^^^^^^^^^
  File "C:\Users\pen-cock\PycharmProjects\DjangoProjects\.venv\Lib\site-packages\django\template\base.py", line 969, in render_annotated
    return self.render(context)
           ~~~~~~~~~~~^^^^^^^^^
  File "C:\Users\pen-cock\PycharmProjects\DjangoProjects\.venv\Lib\site-packages\django\template\defaulttags.py", line 243, in render
    nodelist.append(node.render_annotated(context))
                    ~~~~~~~~~~~~~~~~~~~~~^^^^^^^^^
  File "C:\Users\pen-cock\PycharmProjects\DjangoProjects\.venv\Lib\site-packages\django\template\base.py", line 969, in render_annotated
    return self.render(context)
           ~~~~~~~~~~~^^^^^^^^^
  File "C:\Users\pen-cock\PycharmProjects\DjangoProjects\.venv\Lib\site-packages\django\template\defaulttags.py", line 480, in render
    url = reverse(view_name, args=args, kwargs=kwargs, current_app=current_app)
  File "C:\Users\pen-cock\PycharmProjects\DjangoProjects\.venv\Lib\site-packages\django\urls\base.py", line 88, in reverse
    return resolver._reverse_with_prefix(view, prefix, *args, **kwargs)
           ~~~~~~~~~~~~~~~~~~~~~~~~~~~~~^^^^^^^^^^^^^^^^^^^^^^^^^^^^^^^
  File "C:\Users\pen-cock\PycharmProjects\DjangoProjects\.venv\Lib\site-packages\django\urls\resolvers.py", line 831, in _reverse_with_prefix
    raise NoReverseMatch(msg)
django.urls.exceptions.NoReverseMatch: Reverse for 'moderate' not found. 'moderate' is not a valid view function or pattern name.
2025-07-07 11:14:07,953 ERROR "GET /news/moderate/ HTTP/1.1" 500 215766 C:\Users\pen-cock\PycharmProjects\DjangoProjects\.venv\Lib\site-packages\django\core\servers\basehttp.py
None
2025-07-07 11:15:18,618 ERROR Internal Server Error: /news/moderate/ C:\Users\pen-cock\PycharmProjects\DjangoProjects\.venv\Lib\site-packages\django\utils\log.py
(<class 'django.urls.exceptions.NoReverseMatch'>, NoReverseMatch("Reverse for 'moderation_list' not found. 'moderation_list' is not a valid view function or pattern name."), <traceback object at 0x000002799083AE00>)
Traceback (most recent call last):
  File "C:\Users\pen-cock\PycharmProjects\DjangoProjects\.venv\Lib\site-packages\django\core\handlers\exception.py", line 55, in inner
    response = get_response(request)
  File "C:\Users\pen-cock\PycharmProjects\DjangoProjects\.venv\Lib\site-packages\django\core\handlers\base.py", line 220, in _get_response
    response = response.render()
  File "C:\Users\pen-cock\PycharmProjects\DjangoProjects\.venv\Lib\site-packages\django\template\response.py", line 114, in render
    self.content = self.rendered_content
                   ^^^^^^^^^^^^^^^^^^^^^
  File "C:\Users\pen-cock\PycharmProjects\DjangoProjects\.venv\Lib\site-packages\django\template\response.py", line 92, in rendered_content
    return template.render(context, self._request)
           ~~~~~~~~~~~~~~~^^^^^^^^^^^^^^^^^^^^^^^^
  File "C:\Users\pen-cock\PycharmProjects\DjangoProjects\.venv\Lib\site-packages\django\template\backends\django.py", line 107, in render
    return self.template.render(context)
           ~~~~~~~~~~~~~~~~~~~~^^^^^^^^^
  File "C:\Users\pen-cock\PycharmProjects\DjangoProjects\.venv\Lib\site-packages\django\template\base.py", line 171, in render
    return self._render(context)
           ~~~~~~~~~~~~^^^^^^^^^
  File "C:\Users\pen-cock\PycharmProjects\DjangoProjects\.venv\Lib\site-packages\django\template\base.py", line 163, in _render
    return self.nodelist.render(context)
           ~~~~~~~~~~~~~~~~~~~~^^^^^^^^^
  File "C:\Users\pen-cock\PycharmProjects\DjangoProjects\.venv\Lib\site-packages\django\template\base.py", line 1008, in render
    return SafeString("".join([node.render_annotated(context) for node in self]))
                               ~~~~~~~~~~~~~~~~~~~~~^^^^^^^^^
  File "C:\Users\pen-cock\PycharmProjects\DjangoProjects\.venv\Lib\site-packages\django\template\base.py", line 969, in render_annotated
    return self.render(context)
           ~~~~~~~~~~~^^^^^^^^^
  File "C:\Users\pen-cock\PycharmProjects\DjangoProjects\.venv\Lib\site-packages\django\template\loader_tags.py", line 159, in render
    return compiled_parent._render(context)
           ~~~~~~~~~~~~~~~~~~~~~~~^^^^^^^^^
  File "C:\Users\pen-cock\PycharmProjects\DjangoProjects\.venv\Lib\site-packages\django\template\base.py", line 163, in _render
    return self.nodelist.render(context)
           ~~~~~~~~~~~~~~~~~~~~^^^^^^^^^
  File "C:\Users\pen-cock\PycharmProjects\DjangoProjects\.venv\Lib\site-packages\django\template\base.py", line 1008, in render
    return SafeString("".join([node.render_annotated(context) for node in self]))
                               ~~~~~~~~~~~~~~~~~~~~~^^^^^^^^^
  File "C:\Users\pen-cock\PycharmProjects\DjangoProjects\.venv\Lib\site-packages\django\template\base.py", line 969, in render_annotated
    return self.render(context)
           ~~~~~~~~~~~^^^^^^^^^
  File "C:\Users\pen-cock\PycharmProjects\DjangoProjects\.venv\Lib\site-packages\django\template\loader_tags.py", line 65, in render
    result = block.nodelist.render(context)
  File "C:\Users\pen-cock\PycharmProjects\DjangoProjects\.venv\Lib\site-packages\django\template\base.py", line 1008, in render
    return SafeString("".join([node.render_annotated(context) for node in self]))
                               ~~~~~~~~~~~~~~~~~~~~~^^^^^^^^^
  File "C:\Users\pen-cock\PycharmProjects\DjangoProjects\.venv\Lib\site-packages\django\template\base.py", line 969, in render_annotated
    return self.render(context)
           ~~~~~~~~~~~^^^^^^^^^
  File "C:\Users\pen-cock\PycharmProjects\DjangoProjects\.venv\Lib\site-packages\django\template\defaulttags.py", line 243, in render
    nodelist.append(node.render_annotated(context))
                    ~~~~~~~~~~~~~~~~~~~~~^^^^^^^^^
  File "C:\Users\pen-cock\PycharmProjects\DjangoProjects\.venv\Lib\site-packages\django\template\base.py", line 969, in render_annotated
    return self.render(context)
           ~~~~~~~~~~~^^^^^^^^^
  File "C:\Users\pen-cock\PycharmProjects\DjangoProjects\.venv\Lib\site-packages\django\template\defaulttags.py", line 480, in render
    url = reverse(view_name, args=args, kwargs=kwargs, current_app=current_app)
  File "C:\Users\pen-cock\PycharmProjects\DjangoProjects\.venv\Lib\site-packages\django\urls\base.py", line 88, in reverse
    return resolver._reverse_with_prefix(view, prefix, *args, **kwargs)
           ~~~~~~~~~~~~~~~~~~~~~~~~~~~~~^^^^^^^^^^^^^^^^^^^^^^^^^^^^^^^
  File "C:\Users\pen-cock\PycharmProjects\DjangoProjects\.venv\Lib\site-packages\django\urls\resolvers.py", line 831, in _reverse_with_prefix
    raise NoReverseMatch(msg)
django.urls.exceptions.NoReverseMatch: Reverse for 'moderation_list' not found. 'moderation_list' is not a valid view function or pattern name.
2025-07-07 11:15:18,622 ERROR "GET /news/moderate/ HTTP/1.1" 500 215154 C:\Users\pen-cock\PycharmProjects\DjangoProjects\.venv\Lib\site-packages\django\core\servers\basehttp.py
None
2025-07-07 11:24:53,125 ERROR Internal Server Error: /news/moderate/ C:\Users\pen-cock\PycharmProjects\DjangoProjects\.venv\Lib\site-packages\django\utils\log.py
(<class 'django.urls.exceptions.NoReverseMatch'>, NoReverseMatch("Reverse for 'moderation_list' not found. 'moderation_list' is not a valid view function or pattern name."), <traceback object at 0x0000023BB0005200>)
Traceback (most recent call last):
  File "C:\Users\pen-cock\PycharmProjects\DjangoProjects\.venv\Lib\site-packages\django\core\handlers\exception.py", line 55, in inner
    response = get_response(request)
  File "C:\Users\pen-cock\PycharmProjects\DjangoProjects\.venv\Lib\site-packages\django\core\handlers\base.py", line 220, in _get_response
    response = response.render()
  File "C:\Users\pen-cock\PycharmProjects\DjangoProjects\.venv\Lib\site-packages\django\template\response.py", line 114, in render
    self.content = self.rendered_content
                   ^^^^^^^^^^^^^^^^^^^^^
  File "C:\Users\pen-cock\PycharmProjects\DjangoProjects\.venv\Lib\site-packages\django\template\response.py", line 92, in rendered_content
    return template.render(context, self._request)
           ~~~~~~~~~~~~~~~^^^^^^^^^^^^^^^^^^^^^^^^
  File "C:\Users\pen-cock\PycharmProjects\DjangoProjects\.venv\Lib\site-packages\django\template\backends\django.py", line 107, in render
    return self.template.render(context)
           ~~~~~~~~~~~~~~~~~~~~^^^^^^^^^
  File "C:\Users\pen-cock\PycharmProjects\DjangoProjects\.venv\Lib\site-packages\django\template\base.py", line 171, in render
    return self._render(context)
           ~~~~~~~~~~~~^^^^^^^^^
  File "C:\Users\pen-cock\PycharmProjects\DjangoProjects\.venv\Lib\site-packages\django\template\base.py", line 163, in _render
    return self.nodelist.render(context)
           ~~~~~~~~~~~~~~~~~~~~^^^^^^^^^
  File "C:\Users\pen-cock\PycharmProjects\DjangoProjects\.venv\Lib\site-packages\django\template\base.py", line 1008, in render
    return SafeString("".join([node.render_annotated(context) for node in self]))
                               ~~~~~~~~~~~~~~~~~~~~~^^^^^^^^^
  File "C:\Users\pen-cock\PycharmProjects\DjangoProjects\.venv\Lib\site-packages\django\template\base.py", line 969, in render_annotated
    return self.render(context)
           ~~~~~~~~~~~^^^^^^^^^
  File "C:\Users\pen-cock\PycharmProjects\DjangoProjects\.venv\Lib\site-packages\django\template\loader_tags.py", line 159, in render
    return compiled_parent._render(context)
           ~~~~~~~~~~~~~~~~~~~~~~~^^^^^^^^^
  File "C:\Users\pen-cock\PycharmProjects\DjangoProjects\.venv\Lib\site-packages\django\template\base.py", line 163, in _render
    return self.nodelist.render(context)
           ~~~~~~~~~~~~~~~~~~~~^^^^^^^^^
  File "C:\Users\pen-cock\PycharmProjects\DjangoProjects\.venv\Lib\site-packages\django\template\base.py", line 1008, in render
    return SafeString("".join([node.render_annotated(context) for node in self]))
                               ~~~~~~~~~~~~~~~~~~~~~^^^^^^^^^
  File "C:\Users\pen-cock\PycharmProjects\DjangoProjects\.venv\Lib\site-packages\django\template\base.py", line 969, in render_annotated
    return self.render(context)
           ~~~~~~~~~~~^^^^^^^^^
  File "C:\Users\pen-cock\PycharmProjects\DjangoProjects\.venv\Lib\site-packages\django\template\loader_tags.py", line 65, in render
    result = block.nodelist.render(context)
  File "C:\Users\pen-cock\PycharmProjects\DjangoProjects\.venv\Lib\site-packages\django\template\base.py", line 1008, in render
    return SafeString("".join([node.render_annotated(context) for node in self]))
                               ~~~~~~~~~~~~~~~~~~~~~^^^^^^^^^
  File "C:\Users\pen-cock\PycharmProjects\DjangoProjects\.venv\Lib\site-packages\django\template\base.py", line 969, in render_annotated
    return self.render(context)
           ~~~~~~~~~~~^^^^^^^^^
  File "C:\Users\pen-cock\PycharmProjects\DjangoProjects\.venv\Lib\site-packages\django\template\defaulttags.py", line 243, in render
    nodelist.append(node.render_annotated(context))
                    ~~~~~~~~~~~~~~~~~~~~~^^^^^^^^^
  File "C:\Users\pen-cock\PycharmProjects\DjangoProjects\.venv\Lib\site-packages\django\template\base.py", line 969, in render_annotated
    return self.render(context)
           ~~~~~~~~~~~^^^^^^^^^
  File "C:\Users\pen-cock\PycharmProjects\DjangoProjects\.venv\Lib\site-packages\django\template\defaulttags.py", line 480, in render
    url = reverse(view_name, args=args, kwargs=kwargs, current_app=current_app)
  File "C:\Users\pen-cock\PycharmProjects\DjangoProjects\.venv\Lib\site-packages\django\urls\base.py", line 88, in reverse
    return resolver._reverse_with_prefix(view, prefix, *args, **kwargs)
           ~~~~~~~~~~~~~~~~~~~~~~~~~~~~~^^^^^^^^^^^^^^^^^^^^^^^^^^^^^^^
  File "C:\Users\pen-cock\PycharmProjects\DjangoProjects\.venv\Lib\site-packages\django\urls\resolvers.py", line 831, in _reverse_with_prefix
    raise NoReverseMatch(msg)
django.urls.exceptions.NoReverseMatch: Reverse for 'moderation_list' not found. 'moderation_list' is not a valid view function or pattern name.
2025-07-07 11:24:53,132 ERROR "GET /news/moderate/ HTTP/1.1" 500 214970 C:\Users\pen-cock\PycharmProjects\DjangoProjects\.venv\Lib\site-packages\django\core\servers\basehttp.py
None
2025-07-07 11:24:54,018 ERROR Internal Server Error: /news/moderate/ C:\Users\pen-cock\PycharmProjects\DjangoProjects\.venv\Lib\site-packages\django\utils\log.py
(<class 'django.urls.exceptions.NoReverseMatch'>, NoReverseMatch("Reverse for 'moderation_list' not found. 'moderation_list' is not a valid view function or pattern name."), <traceback object at 0x0000023BB01B9740>)
Traceback (most recent call last):
  File "C:\Users\pen-cock\PycharmProjects\DjangoProjects\.venv\Lib\site-packages\django\core\handlers\exception.py", line 55, in inner
    response = get_response(request)
  File "C:\Users\pen-cock\PycharmProjects\DjangoProjects\.venv\Lib\site-packages\django\core\handlers\base.py", line 220, in _get_response
    response = response.render()
  File "C:\Users\pen-cock\PycharmProjects\DjangoProjects\.venv\Lib\site-packages\django\template\response.py", line 114, in render
    self.content = self.rendered_content
                   ^^^^^^^^^^^^^^^^^^^^^
  File "C:\Users\pen-cock\PycharmProjects\DjangoProjects\.venv\Lib\site-packages\django\template\response.py", line 92, in rendered_content
    return template.render(context, self._request)
           ~~~~~~~~~~~~~~~^^^^^^^^^^^^^^^^^^^^^^^^
  File "C:\Users\pen-cock\PycharmProjects\DjangoProjects\.venv\Lib\site-packages\django\template\backends\django.py", line 107, in render
    return self.template.render(context)
           ~~~~~~~~~~~~~~~~~~~~^^^^^^^^^
  File "C:\Users\pen-cock\PycharmProjects\DjangoProjects\.venv\Lib\site-packages\django\template\base.py", line 171, in render
    return self._render(context)
           ~~~~~~~~~~~~^^^^^^^^^
  File "C:\Users\pen-cock\PycharmProjects\DjangoProjects\.venv\Lib\site-packages\django\template\base.py", line 163, in _render
    return self.nodelist.render(context)
           ~~~~~~~~~~~~~~~~~~~~^^^^^^^^^
  File "C:\Users\pen-cock\PycharmProjects\DjangoProjects\.venv\Lib\site-packages\django\template\base.py", line 1008, in render
    return SafeString("".join([node.render_annotated(context) for node in self]))
                               ~~~~~~~~~~~~~~~~~~~~~^^^^^^^^^
  File "C:\Users\pen-cock\PycharmProjects\DjangoProjects\.venv\Lib\site-packages\django\template\base.py", line 969, in render_annotated
    return self.render(context)
           ~~~~~~~~~~~^^^^^^^^^
  File "C:\Users\pen-cock\PycharmProjects\DjangoProjects\.venv\Lib\site-packages\django\template\loader_tags.py", line 159, in render
    return compiled_parent._render(context)
           ~~~~~~~~~~~~~~~~~~~~~~~^^^^^^^^^
  File "C:\Users\pen-cock\PycharmProjects\DjangoProjects\.venv\Lib\site-packages\django\template\base.py", line 163, in _render
    return self.nodelist.render(context)
           ~~~~~~~~~~~~~~~~~~~~^^^^^^^^^
  File "C:\Users\pen-cock\PycharmProjects\DjangoProjects\.venv\Lib\site-packages\django\template\base.py", line 1008, in render
    return SafeString("".join([node.render_annotated(context) for node in self]))
                               ~~~~~~~~~~~~~~~~~~~~~^^^^^^^^^
  File "C:\Users\pen-cock\PycharmProjects\DjangoProjects\.venv\Lib\site-packages\django\template\base.py", line 969, in render_annotated
    return self.render(context)
           ~~~~~~~~~~~^^^^^^^^^
  File "C:\Users\pen-cock\PycharmProjects\DjangoProjects\.venv\Lib\site-packages\django\template\loader_tags.py", line 65, in render
    result = block.nodelist.render(context)
  File "C:\Users\pen-cock\PycharmProjects\DjangoProjects\.venv\Lib\site-packages\django\template\base.py", line 1008, in render
    return SafeString("".join([node.render_annotated(context) for node in self]))
                               ~~~~~~~~~~~~~~~~~~~~~^^^^^^^^^
  File "C:\Users\pen-cock\PycharmProjects\DjangoProjects\.venv\Lib\site-packages\django\template\base.py", line 969, in render_annotated
    return self.render(context)
           ~~~~~~~~~~~^^^^^^^^^
  File "C:\Users\pen-cock\PycharmProjects\DjangoProjects\.venv\Lib\site-packages\django\template\defaulttags.py", line 243, in render
    nodelist.append(node.render_annotated(context))
                    ~~~~~~~~~~~~~~~~~~~~~^^^^^^^^^
  File "C:\Users\pen-cock\PycharmProjects\DjangoProjects\.venv\Lib\site-packages\django\template\base.py", line 969, in render_annotated
    return self.render(context)
           ~~~~~~~~~~~^^^^^^^^^
  File "C:\Users\pen-cock\PycharmProjects\DjangoProjects\.venv\Lib\site-packages\django\template\defaulttags.py", line 480, in render
    url = reverse(view_name, args=args, kwargs=kwargs, current_app=current_app)
  File "C:\Users\pen-cock\PycharmProjects\DjangoProjects\.venv\Lib\site-packages\django\urls\base.py", line 88, in reverse
    return resolver._reverse_with_prefix(view, prefix, *args, **kwargs)
           ~~~~~~~~~~~~~~~~~~~~~~~~~~~~~^^^^^^^^^^^^^^^^^^^^^^^^^^^^^^^
  File "C:\Users\pen-cock\PycharmProjects\DjangoProjects\.venv\Lib\site-packages\django\urls\resolvers.py", line 831, in _reverse_with_prefix
    raise NoReverseMatch(msg)
django.urls.exceptions.NoReverseMatch: Reverse for 'moderation_list' not found. 'moderation_list' is not a valid view function or pattern name.
2025-07-07 11:24:54,022 ERROR "GET /news/moderate/ HTTP/1.1" 500 214970 C:\Users\pen-cock\PycharmProjects\DjangoProjects\.venv\Lib\site-packages\django\core\servers\basehttp.py
None
2025-07-07 11:29:30,802 ERROR Internal Server Error: /news/moderate/ C:\Users\pen-cock\PycharmProjects\DjangoProjects\.venv\Lib\site-packages\django\utils\log.py
(<class 'django.urls.exceptions.NoReverseMatch'>, NoReverseMatch("Reverse for 'moderation_list' not found. 'moderation_list' is not a valid view function or pattern name."), <traceback object at 0x000001F56F9FCFC0>)
Traceback (most recent call last):
  File "C:\Users\pen-cock\PycharmProjects\DjangoProjects\.venv\Lib\site-packages\django\core\handlers\exception.py", line 55, in inner
    response = get_response(request)
  File "C:\Users\pen-cock\PycharmProjects\DjangoProjects\.venv\Lib\site-packages\django\core\handlers\base.py", line 220, in _get_response
    response = response.render()
  File "C:\Users\pen-cock\PycharmProjects\DjangoProjects\.venv\Lib\site-packages\django\template\response.py", line 114, in render
    self.content = self.rendered_content
                   ^^^^^^^^^^^^^^^^^^^^^
  File "C:\Users\pen-cock\PycharmProjects\DjangoProjects\.venv\Lib\site-packages\django\template\response.py", line 92, in rendered_content
    return template.render(context, self._request)
           ~~~~~~~~~~~~~~~^^^^^^^^^^^^^^^^^^^^^^^^
  File "C:\Users\pen-cock\PycharmProjects\DjangoProjects\.venv\Lib\site-packages\django\template\backends\django.py", line 107, in render
    return self.template.render(context)
           ~~~~~~~~~~~~~~~~~~~~^^^^^^^^^
  File "C:\Users\pen-cock\PycharmProjects\DjangoProjects\.venv\Lib\site-packages\django\template\base.py", line 171, in render
    return self._render(context)
           ~~~~~~~~~~~~^^^^^^^^^
  File "C:\Users\pen-cock\PycharmProjects\DjangoProjects\.venv\Lib\site-packages\django\template\base.py", line 163, in _render
    return self.nodelist.render(context)
           ~~~~~~~~~~~~~~~~~~~~^^^^^^^^^
  File "C:\Users\pen-cock\PycharmProjects\DjangoProjects\.venv\Lib\site-packages\django\template\base.py", line 1008, in render
    return SafeString("".join([node.render_annotated(context) for node in self]))
                               ~~~~~~~~~~~~~~~~~~~~~^^^^^^^^^
  File "C:\Users\pen-cock\PycharmProjects\DjangoProjects\.venv\Lib\site-packages\django\template\base.py", line 969, in render_annotated
    return self.render(context)
           ~~~~~~~~~~~^^^^^^^^^
  File "C:\Users\pen-cock\PycharmProjects\DjangoProjects\.venv\Lib\site-packages\django\template\loader_tags.py", line 159, in render
    return compiled_parent._render(context)
           ~~~~~~~~~~~~~~~~~~~~~~~^^^^^^^^^
  File "C:\Users\pen-cock\PycharmProjects\DjangoProjects\.venv\Lib\site-packages\django\template\base.py", line 163, in _render
    return self.nodelist.render(context)
           ~~~~~~~~~~~~~~~~~~~~^^^^^^^^^
  File "C:\Users\pen-cock\PycharmProjects\DjangoProjects\.venv\Lib\site-packages\django\template\base.py", line 1008, in render
    return SafeString("".join([node.render_annotated(context) for node in self]))
                               ~~~~~~~~~~~~~~~~~~~~~^^^^^^^^^
  File "C:\Users\pen-cock\PycharmProjects\DjangoProjects\.venv\Lib\site-packages\django\template\base.py", line 969, in render_annotated
    return self.render(context)
           ~~~~~~~~~~~^^^^^^^^^
  File "C:\Users\pen-cock\PycharmProjects\DjangoProjects\.venv\Lib\site-packages\django\template\loader_tags.py", line 65, in render
    result = block.nodelist.render(context)
  File "C:\Users\pen-cock\PycharmProjects\DjangoProjects\.venv\Lib\site-packages\django\template\base.py", line 1008, in render
    return SafeString("".join([node.render_annotated(context) for node in self]))
                               ~~~~~~~~~~~~~~~~~~~~~^^^^^^^^^
  File "C:\Users\pen-cock\PycharmProjects\DjangoProjects\.venv\Lib\site-packages\django\template\base.py", line 969, in render_annotated
    return self.render(context)
           ~~~~~~~~~~~^^^^^^^^^
  File "C:\Users\pen-cock\PycharmProjects\DjangoProjects\.venv\Lib\site-packages\django\template\defaulttags.py", line 243, in render
    nodelist.append(node.render_annotated(context))
                    ~~~~~~~~~~~~~~~~~~~~~^^^^^^^^^
  File "C:\Users\pen-cock\PycharmProjects\DjangoProjects\.venv\Lib\site-packages\django\template\base.py", line 969, in render_annotated
    return self.render(context)
           ~~~~~~~~~~~^^^^^^^^^
  File "C:\Users\pen-cock\PycharmProjects\DjangoProjects\.venv\Lib\site-packages\django\template\defaulttags.py", line 480, in render
    url = reverse(view_name, args=args, kwargs=kwargs, current_app=current_app)
  File "C:\Users\pen-cock\PycharmProjects\DjangoProjects\.venv\Lib\site-packages\django\urls\base.py", line 88, in reverse
    return resolver._reverse_with_prefix(view, prefix, *args, **kwargs)
           ~~~~~~~~~~~~~~~~~~~~~~~~~~~~~^^^^^^^^^^^^^^^^^^^^^^^^^^^^^^^
  File "C:\Users\pen-cock\PycharmProjects\DjangoProjects\.venv\Lib\site-packages\django\urls\resolvers.py", line 831, in _reverse_with_prefix
    raise NoReverseMatch(msg)
django.urls.exceptions.NoReverseMatch: Reverse for 'moderation_list' not found. 'moderation_list' is not a valid view function or pattern name.
2025-07-07 11:29:30,808 ERROR "GET /news/moderate/ HTTP/1.1" 500 214970 C:\Users\pen-cock\PycharmProjects\DjangoProjects\.venv\Lib\site-packages\django\core\servers\basehttp.py
None
2025-07-07 11:29:32,143 ERROR Internal Server Error: /news/moderate/ C:\Users\pen-cock\PycharmProjects\DjangoProjects\.venv\Lib\site-packages\django\utils\log.py
(<class 'django.urls.exceptions.NoReverseMatch'>, NoReverseMatch("Reverse for 'moderation_list' not found. 'moderation_list' is not a valid view function or pattern name."), <traceback object at 0x000001F56F8F1640>)
Traceback (most recent call last):
  File "C:\Users\pen-cock\PycharmProjects\DjangoProjects\.venv\Lib\site-packages\django\core\handlers\exception.py", line 55, in inner
    response = get_response(request)
  File "C:\Users\pen-cock\PycharmProjects\DjangoProjects\.venv\Lib\site-packages\django\core\handlers\base.py", line 220, in _get_response
    response = response.render()
  File "C:\Users\pen-cock\PycharmProjects\DjangoProjects\.venv\Lib\site-packages\django\template\response.py", line 114, in render
    self.content = self.rendered_content
                   ^^^^^^^^^^^^^^^^^^^^^
  File "C:\Users\pen-cock\PycharmProjects\DjangoProjects\.venv\Lib\site-packages\django\template\response.py", line 92, in rendered_content
    return template.render(context, self._request)
           ~~~~~~~~~~~~~~~^^^^^^^^^^^^^^^^^^^^^^^^
  File "C:\Users\pen-cock\PycharmProjects\DjangoProjects\.venv\Lib\site-packages\django\template\backends\django.py", line 107, in render
    return self.template.render(context)
           ~~~~~~~~~~~~~~~~~~~~^^^^^^^^^
  File "C:\Users\pen-cock\PycharmProjects\DjangoProjects\.venv\Lib\site-packages\django\template\base.py", line 171, in render
    return self._render(context)
           ~~~~~~~~~~~~^^^^^^^^^
  File "C:\Users\pen-cock\PycharmProjects\DjangoProjects\.venv\Lib\site-packages\django\template\base.py", line 163, in _render
    return self.nodelist.render(context)
           ~~~~~~~~~~~~~~~~~~~~^^^^^^^^^
  File "C:\Users\pen-cock\PycharmProjects\DjangoProjects\.venv\Lib\site-packages\django\template\base.py", line 1008, in render
    return SafeString("".join([node.render_annotated(context) for node in self]))
                               ~~~~~~~~~~~~~~~~~~~~~^^^^^^^^^
  File "C:\Users\pen-cock\PycharmProjects\DjangoProjects\.venv\Lib\site-packages\django\template\base.py", line 969, in render_annotated
    return self.render(context)
           ~~~~~~~~~~~^^^^^^^^^
  File "C:\Users\pen-cock\PycharmProjects\DjangoProjects\.venv\Lib\site-packages\django\template\loader_tags.py", line 159, in render
    return compiled_parent._render(context)
           ~~~~~~~~~~~~~~~~~~~~~~~^^^^^^^^^
  File "C:\Users\pen-cock\PycharmProjects\DjangoProjects\.venv\Lib\site-packages\django\template\base.py", line 163, in _render
    return self.nodelist.render(context)
           ~~~~~~~~~~~~~~~~~~~~^^^^^^^^^
  File "C:\Users\pen-cock\PycharmProjects\DjangoProjects\.venv\Lib\site-packages\django\template\base.py", line 1008, in render
    return SafeString("".join([node.render_annotated(context) for node in self]))
                               ~~~~~~~~~~~~~~~~~~~~~^^^^^^^^^
  File "C:\Users\pen-cock\PycharmProjects\DjangoProjects\.venv\Lib\site-packages\django\template\base.py", line 969, in render_annotated
    return self.render(context)
           ~~~~~~~~~~~^^^^^^^^^
  File "C:\Users\pen-cock\PycharmProjects\DjangoProjects\.venv\Lib\site-packages\django\template\loader_tags.py", line 65, in render
    result = block.nodelist.render(context)
  File "C:\Users\pen-cock\PycharmProjects\DjangoProjects\.venv\Lib\site-packages\django\template\base.py", line 1008, in render
    return SafeString("".join([node.render_annotated(context) for node in self]))
                               ~~~~~~~~~~~~~~~~~~~~~^^^^^^^^^
  File "C:\Users\pen-cock\PycharmProjects\DjangoProjects\.venv\Lib\site-packages\django\template\base.py", line 969, in render_annotated
    return self.render(context)
           ~~~~~~~~~~~^^^^^^^^^
  File "C:\Users\pen-cock\PycharmProjects\DjangoProjects\.venv\Lib\site-packages\django\template\defaulttags.py", line 243, in render
    nodelist.append(node.render_annotated(context))
                    ~~~~~~~~~~~~~~~~~~~~~^^^^^^^^^
  File "C:\Users\pen-cock\PycharmProjects\DjangoProjects\.venv\Lib\site-packages\django\template\base.py", line 969, in render_annotated
    return self.render(context)
           ~~~~~~~~~~~^^^^^^^^^
  File "C:\Users\pen-cock\PycharmProjects\DjangoProjects\.venv\Lib\site-packages\django\template\defaulttags.py", line 480, in render
    url = reverse(view_name, args=args, kwargs=kwargs, current_app=current_app)
  File "C:\Users\pen-cock\PycharmProjects\DjangoProjects\.venv\Lib\site-packages\django\urls\base.py", line 88, in reverse
    return resolver._reverse_with_prefix(view, prefix, *args, **kwargs)
           ~~~~~~~~~~~~~~~~~~~~~~~~~~~~~^^^^^^^^^^^^^^^^^^^^^^^^^^^^^^^
  File "C:\Users\pen-cock\PycharmProjects\DjangoProjects\.venv\Lib\site-packages\django\urls\resolvers.py", line 831, in _reverse_with_prefix
    raise NoReverseMatch(msg)
django.urls.exceptions.NoReverseMatch: Reverse for 'moderation_list' not found. 'moderation_list' is not a valid view function or pattern name.
2025-07-07 11:29:32,147 ERROR "GET /news/moderate/ HTTP/1.1" 500 214970 C:\Users\pen-cock\PycharmProjects\DjangoProjects\.venv\Lib\site-packages\django\core\servers\basehttp.py
None
2025-07-07 11:29:54,433 ERROR Internal Server Error: /news/moderate/ C:\Users\pen-cock\PycharmProjects\DjangoProjects\.venv\Lib\site-packages\django\utils\log.py
(<class 'django.urls.exceptions.NoReverseMatch'>, NoReverseMatch("Reverse for 'moderation_list' not found. 'moderation_list' is not a valid view function or pattern name."), <traceback object at 0x0000027D572DFFC0>)
Traceback (most recent call last):
  File "C:\Users\pen-cock\PycharmProjects\DjangoProjects\.venv\Lib\site-packages\django\core\handlers\exception.py", line 55, in inner
    response = get_response(request)
  File "C:\Users\pen-cock\PycharmProjects\DjangoProjects\.venv\Lib\site-packages\django\core\handlers\base.py", line 220, in _get_response
    response = response.render()
  File "C:\Users\pen-cock\PycharmProjects\DjangoProjects\.venv\Lib\site-packages\django\template\response.py", line 114, in render
    self.content = self.rendered_content
                   ^^^^^^^^^^^^^^^^^^^^^
  File "C:\Users\pen-cock\PycharmProjects\DjangoProjects\.venv\Lib\site-packages\django\template\response.py", line 92, in rendered_content
    return template.render(context, self._request)
           ~~~~~~~~~~~~~~~^^^^^^^^^^^^^^^^^^^^^^^^
  File "C:\Users\pen-cock\PycharmProjects\DjangoProjects\.venv\Lib\site-packages\django\template\backends\django.py", line 107, in render
    return self.template.render(context)
           ~~~~~~~~~~~~~~~~~~~~^^^^^^^^^
  File "C:\Users\pen-cock\PycharmProjects\DjangoProjects\.venv\Lib\site-packages\django\template\base.py", line 171, in render
    return self._render(context)
           ~~~~~~~~~~~~^^^^^^^^^
  File "C:\Users\pen-cock\PycharmProjects\DjangoProjects\.venv\Lib\site-packages\django\template\base.py", line 163, in _render
    return self.nodelist.render(context)
           ~~~~~~~~~~~~~~~~~~~~^^^^^^^^^
  File "C:\Users\pen-cock\PycharmProjects\DjangoProjects\.venv\Lib\site-packages\django\template\base.py", line 1008, in render
    return SafeString("".join([node.render_annotated(context) for node in self]))
                               ~~~~~~~~~~~~~~~~~~~~~^^^^^^^^^
  File "C:\Users\pen-cock\PycharmProjects\DjangoProjects\.venv\Lib\site-packages\django\template\base.py", line 969, in render_annotated
    return self.render(context)
           ~~~~~~~~~~~^^^^^^^^^
  File "C:\Users\pen-cock\PycharmProjects\DjangoProjects\.venv\Lib\site-packages\django\template\loader_tags.py", line 159, in render
    return compiled_parent._render(context)
           ~~~~~~~~~~~~~~~~~~~~~~~^^^^^^^^^
  File "C:\Users\pen-cock\PycharmProjects\DjangoProjects\.venv\Lib\site-packages\django\template\base.py", line 163, in _render
    return self.nodelist.render(context)
           ~~~~~~~~~~~~~~~~~~~~^^^^^^^^^
  File "C:\Users\pen-cock\PycharmProjects\DjangoProjects\.venv\Lib\site-packages\django\template\base.py", line 1008, in render
    return SafeString("".join([node.render_annotated(context) for node in self]))
                               ~~~~~~~~~~~~~~~~~~~~~^^^^^^^^^
  File "C:\Users\pen-cock\PycharmProjects\DjangoProjects\.venv\Lib\site-packages\django\template\base.py", line 969, in render_annotated
    return self.render(context)
           ~~~~~~~~~~~^^^^^^^^^
  File "C:\Users\pen-cock\PycharmProjects\DjangoProjects\.venv\Lib\site-packages\django\template\loader_tags.py", line 65, in render
    result = block.nodelist.render(context)
  File "C:\Users\pen-cock\PycharmProjects\DjangoProjects\.venv\Lib\site-packages\django\template\base.py", line 1008, in render
    return SafeString("".join([node.render_annotated(context) for node in self]))
                               ~~~~~~~~~~~~~~~~~~~~~^^^^^^^^^
  File "C:\Users\pen-cock\PycharmProjects\DjangoProjects\.venv\Lib\site-packages\django\template\base.py", line 969, in render_annotated
    return self.render(context)
           ~~~~~~~~~~~^^^^^^^^^
  File "C:\Users\pen-cock\PycharmProjects\DjangoProjects\.venv\Lib\site-packages\django\template\defaulttags.py", line 243, in render
    nodelist.append(node.render_annotated(context))
                    ~~~~~~~~~~~~~~~~~~~~~^^^^^^^^^
  File "C:\Users\pen-cock\PycharmProjects\DjangoProjects\.venv\Lib\site-packages\django\template\base.py", line 969, in render_annotated
    return self.render(context)
           ~~~~~~~~~~~^^^^^^^^^
  File "C:\Users\pen-cock\PycharmProjects\DjangoProjects\.venv\Lib\site-packages\django\template\defaulttags.py", line 480, in render
    url = reverse(view_name, args=args, kwargs=kwargs, current_app=current_app)
  File "C:\Users\pen-cock\PycharmProjects\DjangoProjects\.venv\Lib\site-packages\django\urls\base.py", line 88, in reverse
    return resolver._reverse_with_prefix(view, prefix, *args, **kwargs)
           ~~~~~~~~~~~~~~~~~~~~~~~~~~~~~^^^^^^^^^^^^^^^^^^^^^^^^^^^^^^^
  File "C:\Users\pen-cock\PycharmProjects\DjangoProjects\.venv\Lib\site-packages\django\urls\resolvers.py", line 831, in _reverse_with_prefix
    raise NoReverseMatch(msg)
django.urls.exceptions.NoReverseMatch: Reverse for 'moderation_list' not found. 'moderation_list' is not a valid view function or pattern name.
2025-07-07 11:29:54,441 ERROR "GET /news/moderate/ HTTP/1.1" 500 214970 C:\Users\pen-cock\PycharmProjects\DjangoProjects\.venv\Lib\site-packages\django\core\servers\basehttp.py
None
2025-07-07 11:29:55,459 ERROR Internal Server Error: /news/moderate/ C:\Users\pen-cock\PycharmProjects\DjangoProjects\.venv\Lib\site-packages\django\utils\log.py
(<class 'django.urls.exceptions.NoReverseMatch'>, NoReverseMatch("Reverse for 'moderation_list' not found. 'moderation_list' is not a valid view function or pattern name."), <traceback object at 0x0000027D571E2E80>)
Traceback (most recent call last):
  File "C:\Users\pen-cock\PycharmProjects\DjangoProjects\.venv\Lib\site-packages\django\core\handlers\exception.py", line 55, in inner
    response = get_response(request)
  File "C:\Users\pen-cock\PycharmProjects\DjangoProjects\.venv\Lib\site-packages\django\core\handlers\base.py", line 220, in _get_response
    response = response.render()
  File "C:\Users\pen-cock\PycharmProjects\DjangoProjects\.venv\Lib\site-packages\django\template\response.py", line 114, in render
    self.content = self.rendered_content
                   ^^^^^^^^^^^^^^^^^^^^^
  File "C:\Users\pen-cock\PycharmProjects\DjangoProjects\.venv\Lib\site-packages\django\template\response.py", line 92, in rendered_content
    return template.render(context, self._request)
           ~~~~~~~~~~~~~~~^^^^^^^^^^^^^^^^^^^^^^^^
  File "C:\Users\pen-cock\PycharmProjects\DjangoProjects\.venv\Lib\site-packages\django\template\backends\django.py", line 107, in render
    return self.template.render(context)
           ~~~~~~~~~~~~~~~~~~~~^^^^^^^^^
  File "C:\Users\pen-cock\PycharmProjects\DjangoProjects\.venv\Lib\site-packages\django\template\base.py", line 171, in render
    return self._render(context)
           ~~~~~~~~~~~~^^^^^^^^^
  File "C:\Users\pen-cock\PycharmProjects\DjangoProjects\.venv\Lib\site-packages\django\template\base.py", line 163, in _render
    return self.nodelist.render(context)
           ~~~~~~~~~~~~~~~~~~~~^^^^^^^^^
  File "C:\Users\pen-cock\PycharmProjects\DjangoProjects\.venv\Lib\site-packages\django\template\base.py", line 1008, in render
    return SafeString("".join([node.render_annotated(context) for node in self]))
                               ~~~~~~~~~~~~~~~~~~~~~^^^^^^^^^
  File "C:\Users\pen-cock\PycharmProjects\DjangoProjects\.venv\Lib\site-packages\django\template\base.py", line 969, in render_annotated
    return self.render(context)
           ~~~~~~~~~~~^^^^^^^^^
  File "C:\Users\pen-cock\PycharmProjects\DjangoProjects\.venv\Lib\site-packages\django\template\loader_tags.py", line 159, in render
    return compiled_parent._render(context)
           ~~~~~~~~~~~~~~~~~~~~~~~^^^^^^^^^
  File "C:\Users\pen-cock\PycharmProjects\DjangoProjects\.venv\Lib\site-packages\django\template\base.py", line 163, in _render
    return self.nodelist.render(context)
           ~~~~~~~~~~~~~~~~~~~~^^^^^^^^^
  File "C:\Users\pen-cock\PycharmProjects\DjangoProjects\.venv\Lib\site-packages\django\template\base.py", line 1008, in render
    return SafeString("".join([node.render_annotated(context) for node in self]))
                               ~~~~~~~~~~~~~~~~~~~~~^^^^^^^^^
  File "C:\Users\pen-cock\PycharmProjects\DjangoProjects\.venv\Lib\site-packages\django\template\base.py", line 969, in render_annotated
    return self.render(context)
           ~~~~~~~~~~~^^^^^^^^^
  File "C:\Users\pen-cock\PycharmProjects\DjangoProjects\.venv\Lib\site-packages\django\template\loader_tags.py", line 65, in render
    result = block.nodelist.render(context)
  File "C:\Users\pen-cock\PycharmProjects\DjangoProjects\.venv\Lib\site-packages\django\template\base.py", line 1008, in render
    return SafeString("".join([node.render_annotated(context) for node in self]))
                               ~~~~~~~~~~~~~~~~~~~~~^^^^^^^^^
  File "C:\Users\pen-cock\PycharmProjects\DjangoProjects\.venv\Lib\site-packages\django\template\base.py", line 969, in render_annotated
    return self.render(context)
           ~~~~~~~~~~~^^^^^^^^^
  File "C:\Users\pen-cock\PycharmProjects\DjangoProjects\.venv\Lib\site-packages\django\template\defaulttags.py", line 243, in render
    nodelist.append(node.render_annotated(context))
                    ~~~~~~~~~~~~~~~~~~~~~^^^^^^^^^
  File "C:\Users\pen-cock\PycharmProjects\DjangoProjects\.venv\Lib\site-packages\django\template\base.py", line 969, in render_annotated
    return self.render(context)
           ~~~~~~~~~~~^^^^^^^^^
  File "C:\Users\pen-cock\PycharmProjects\DjangoProjects\.venv\Lib\site-packages\django\template\defaulttags.py", line 480, in render
    url = reverse(view_name, args=args, kwargs=kwargs, current_app=current_app)
  File "C:\Users\pen-cock\PycharmProjects\DjangoProjects\.venv\Lib\site-packages\django\urls\base.py", line 88, in reverse
    return resolver._reverse_with_prefix(view, prefix, *args, **kwargs)
           ~~~~~~~~~~~~~~~~~~~~~~~~~~~~~^^^^^^^^^^^^^^^^^^^^^^^^^^^^^^^
  File "C:\Users\pen-cock\PycharmProjects\DjangoProjects\.venv\Lib\site-packages\django\urls\resolvers.py", line 831, in _reverse_with_prefix
    raise NoReverseMatch(msg)
django.urls.exceptions.NoReverseMatch: Reverse for 'moderation_list' not found. 'moderation_list' is not a valid view function or pattern name.
2025-07-07 11:29:55,462 ERROR "GET /news/moderate/ HTTP/1.1" 500 214970 C:\Users\pen-cock\PycharmProjects\DjangoProjects\.venv\Lib\site-packages\django\core\servers\basehttp.py
None
2025-07-07 11:29:56,041 ERROR Internal Server Error: /news/moderate/ C:\Users\pen-cock\PycharmProjects\DjangoProjects\.venv\Lib\site-packages\django\utils\log.py
(<class 'django.urls.exceptions.NoReverseMatch'>, NoReverseMatch("Reverse for 'moderation_list' not found. 'moderation_list' is not a valid view function or pattern name."), <traceback object at 0x0000027D574C1280>)
Traceback (most recent call last):
  File "C:\Users\pen-cock\PycharmProjects\DjangoProjects\.venv\Lib\site-packages\django\core\handlers\exception.py", line 55, in inner
    response = get_response(request)
  File "C:\Users\pen-cock\PycharmProjects\DjangoProjects\.venv\Lib\site-packages\django\core\handlers\base.py", line 220, in _get_response
    response = response.render()
  File "C:\Users\pen-cock\PycharmProjects\DjangoProjects\.venv\Lib\site-packages\django\template\response.py", line 114, in render
    self.content = self.rendered_content
                   ^^^^^^^^^^^^^^^^^^^^^
  File "C:\Users\pen-cock\PycharmProjects\DjangoProjects\.venv\Lib\site-packages\django\template\response.py", line 92, in rendered_content
    return template.render(context, self._request)
           ~~~~~~~~~~~~~~~^^^^^^^^^^^^^^^^^^^^^^^^
  File "C:\Users\pen-cock\PycharmProjects\DjangoProjects\.venv\Lib\site-packages\django\template\backends\django.py", line 107, in render
    return self.template.render(context)
           ~~~~~~~~~~~~~~~~~~~~^^^^^^^^^
  File "C:\Users\pen-cock\PycharmProjects\DjangoProjects\.venv\Lib\site-packages\django\template\base.py", line 171, in render
    return self._render(context)
           ~~~~~~~~~~~~^^^^^^^^^
  File "C:\Users\pen-cock\PycharmProjects\DjangoProjects\.venv\Lib\site-packages\django\template\base.py", line 163, in _render
    return self.nodelist.render(context)
           ~~~~~~~~~~~~~~~~~~~~^^^^^^^^^
  File "C:\Users\pen-cock\PycharmProjects\DjangoProjects\.venv\Lib\site-packages\django\template\base.py", line 1008, in render
    return SafeString("".join([node.render_annotated(context) for node in self]))
                               ~~~~~~~~~~~~~~~~~~~~~^^^^^^^^^
  File "C:\Users\pen-cock\PycharmProjects\DjangoProjects\.venv\Lib\site-packages\django\template\base.py", line 969, in render_annotated
    return self.render(context)
           ~~~~~~~~~~~^^^^^^^^^
  File "C:\Users\pen-cock\PycharmProjects\DjangoProjects\.venv\Lib\site-packages\django\template\loader_tags.py", line 159, in render
    return compiled_parent._render(context)
           ~~~~~~~~~~~~~~~~~~~~~~~^^^^^^^^^
  File "C:\Users\pen-cock\PycharmProjects\DjangoProjects\.venv\Lib\site-packages\django\template\base.py", line 163, in _render
    return self.nodelist.render(context)
           ~~~~~~~~~~~~~~~~~~~~^^^^^^^^^
  File "C:\Users\pen-cock\PycharmProjects\DjangoProjects\.venv\Lib\site-packages\django\template\base.py", line 1008, in render
    return SafeString("".join([node.render_annotated(context) for node in self]))
                               ~~~~~~~~~~~~~~~~~~~~~^^^^^^^^^
  File "C:\Users\pen-cock\PycharmProjects\DjangoProjects\.venv\Lib\site-packages\django\template\base.py", line 969, in render_annotated
    return self.render(context)
           ~~~~~~~~~~~^^^^^^^^^
  File "C:\Users\pen-cock\PycharmProjects\DjangoProjects\.venv\Lib\site-packages\django\template\loader_tags.py", line 65, in render
    result = block.nodelist.render(context)
  File "C:\Users\pen-cock\PycharmProjects\DjangoProjects\.venv\Lib\site-packages\django\template\base.py", line 1008, in render
    return SafeString("".join([node.render_annotated(context) for node in self]))
                               ~~~~~~~~~~~~~~~~~~~~~^^^^^^^^^
  File "C:\Users\pen-cock\PycharmProjects\DjangoProjects\.venv\Lib\site-packages\django\template\base.py", line 969, in render_annotated
    return self.render(context)
           ~~~~~~~~~~~^^^^^^^^^
  File "C:\Users\pen-cock\PycharmProjects\DjangoProjects\.venv\Lib\site-packages\django\template\defaulttags.py", line 243, in render
    nodelist.append(node.render_annotated(context))
                    ~~~~~~~~~~~~~~~~~~~~~^^^^^^^^^
  File "C:\Users\pen-cock\PycharmProjects\DjangoProjects\.venv\Lib\site-packages\django\template\base.py", line 969, in render_annotated
    return self.render(context)
           ~~~~~~~~~~~^^^^^^^^^
  File "C:\Users\pen-cock\PycharmProjects\DjangoProjects\.venv\Lib\site-packages\django\template\defaulttags.py", line 480, in render
    url = reverse(view_name, args=args, kwargs=kwargs, current_app=current_app)
  File "C:\Users\pen-cock\PycharmProjects\DjangoProjects\.venv\Lib\site-packages\django\urls\base.py", line 88, in reverse
    return resolver._reverse_with_prefix(view, prefix, *args, **kwargs)
           ~~~~~~~~~~~~~~~~~~~~~~~~~~~~~^^^^^^^^^^^^^^^^^^^^^^^^^^^^^^^
  File "C:\Users\pen-cock\PycharmProjects\DjangoProjects\.venv\Lib\site-packages\django\urls\resolvers.py", line 831, in _reverse_with_prefix
    raise NoReverseMatch(msg)
django.urls.exceptions.NoReverseMatch: Reverse for 'moderation_list' not found. 'moderation_list' is not a valid view function or pattern name.
2025-07-07 11:29:56,045 ERROR "GET /news/moderate/ HTTP/1.1" 500 214970 C:\Users\pen-cock\PycharmProjects\DjangoProjects\.venv\Lib\site-packages\django\core\servers\basehttp.py
None
2025-07-08 00:14:22,417 ERROR Internal Server Error: /news/moderate/20/ C:\Users\pen-cock\PycharmProjects\DjangoProjects\.venv\Lib\site-packages\django\utils\log.py
(<class 'django.urls.exceptions.NoReverseMatch'>, NoReverseMatch("'comments' is not a registered namespace"), <traceback object at 0x000001F7D5001140>)
Traceback (most recent call last):
  File "C:\Users\pen-cock\PycharmProjects\DjangoProjects\.venv\Lib\site-packages\django\urls\base.py", line 71, in reverse
    extra, resolver = resolver.namespace_dict[ns]
                      ~~~~~~~~~~~~~~~~~~~~~~~^^^^
KeyError: 'comments'

During handling of the above exception, another exception occurred:

Traceback (most recent call last):
  File "C:\Users\pen-cock\PycharmProjects\DjangoProjects\.venv\Lib\site-packages\django\core\handlers\exception.py", line 55, in inner
    response = get_response(request)
  File "C:\Users\pen-cock\PycharmProjects\DjangoProjects\.venv\Lib\site-packages\django\core\handlers\base.py", line 197, in _get_response
    response = wrapped_callback(request, *callback_args, **callback_kwargs)
  File "C:\Users\pen-cock\PycharmProjects\DjangoProjects\.venv\Lib\site-packages\django\views\generic\base.py", line 104, in view
    return self.dispatch(request, *args, **kwargs)
           ~~~~~~~~~~~~~^^^^^^^^^^^^^^^^^^^^^^^^^^
  File "C:\Users\pen-cock\PycharmProjects\DjangoProjects\.venv\Lib\site-packages\django\contrib\auth\mixins.py", line 73, in dispatch
    return super().dispatch(request, *args, **kwargs)
           ~~~~~~~~~~~~~~~~^^^^^^^^^^^^^^^^^^^^^^^^^^
  File "C:\Users\pen-cock\PycharmProjects\DjangoProjects\.venv\Lib\site-packages\django\views\generic\base.py", line 143, in dispatch
    return handler(request, *args, **kwargs)
  File "C:\Users\pen-cock\PycharmProjects\DjangoProjects\.venv\Lib\site-packages\django\views\generic\edit.py", line 206, in post
    return super().post(request, *args, **kwargs)
           ~~~~~~~~~~~~^^^^^^^^^^^^^^^^^^^^^^^^^^
  File "C:\Users\pen-cock\PycharmProjects\DjangoProjects\.venv\Lib\site-packages\django\views\generic\edit.py", line 151, in post
    return self.form_valid(form)
           ~~~~~~~~~~~~~~~^^^^^^
  File "C:\Users\pen-cock\PycharmProjects\DjangoProjects\Newspaper\Newspaper\news\views.py", line 115, in form_valid
    response = super().form_valid(form)
  File "C:\Users\pen-cock\PycharmProjects\DjangoProjects\.venv\Lib\site-packages\django\views\generic\edit.py", line 134, in form_valid
    return super().form_valid(form)
           ~~~~~~~~~~~~~~~~~~^^^^^^
  File "C:\Users\pen-cock\PycharmProjects\DjangoProjects\.venv\Lib\site-packages\django\views\generic\edit.py", line 63, in form_valid
    return HttpResponseRedirect(self.get_success_url())
                                ~~~~~~~~~~~~~~~~~~~~^^
  File "C:\Users\pen-cock\PycharmProjects\DjangoProjects\.venv\Lib\site-packages\django\views\generic\edit.py", line 119, in get_success_url
    if self.success_url:
       ^^^^^^^^^^^^^^^^
  File "C:\Users\pen-cock\PycharmProjects\DjangoProjects\.venv\Lib\site-packages\django\utils\functional.py", line 187, in __wrapper__
    result = func(*self._args, **self._kw)
  File "C:\Users\pen-cock\PycharmProjects\DjangoProjects\.venv\Lib\site-packages\django\urls\base.py", line 82, in reverse
    raise NoReverseMatch("%s is not a registered namespace" % key)
django.urls.exceptions.NoReverseMatch: 'comments' is not a registered namespace
2025-07-08 00:14:22,422 ERROR "POST /news/moderate/20/ HTTP/1.1" 500 133015 C:\Users\pen-cock\PycharmProjects\DjangoProjects\.venv\Lib\site-packages\django\core\servers\basehttp.py
None
2025-07-08 11:20:02,792 ERROR Internal Server Error: /news/80/ C:\Users\pen-cock\PycharmProjects\DjangoProjects\.venv\Lib\site-packages\django\utils\log.py
(<class 'django.template.exceptions.TemplateSyntaxError'>, TemplateSyntaxError("Could not parse the remainder: '(status='accepted').count' from 'post.comment_set.filter(status='accepted').count'"), <traceback object at 0x0000026D787A7400>)
Traceback (most recent call last):
  File "C:\Users\pen-cock\PycharmProjects\DjangoProjects\.venv\Lib\site-packages\django\core\handlers\exception.py", line 55, in inner
    response = get_response(request)
  File "C:\Users\pen-cock\PycharmProjects\DjangoProjects\.venv\Lib\site-packages\django\core\handlers\base.py", line 220, in _get_response
    response = response.render()
  File "C:\Users\pen-cock\PycharmProjects\DjangoProjects\.venv\Lib\site-packages\django\template\response.py", line 114, in render
    self.content = self.rendered_content
                   ^^^^^^^^^^^^^^^^^^^^^
  File "C:\Users\pen-cock\PycharmProjects\DjangoProjects\.venv\Lib\site-packages\django\template\response.py", line 90, in rendered_content
    template = self.resolve_template(self.template_name)
  File "C:\Users\pen-cock\PycharmProjects\DjangoProjects\.venv\Lib\site-packages\django\template\response.py", line 72, in resolve_template
    return select_template(template, using=self.using)
  File "C:\Users\pen-cock\PycharmProjects\DjangoProjects\.venv\Lib\site-packages\django\template\loader.py", line 42, in select_template
    return engine.get_template(template_name)
           ~~~~~~~~~~~~~~~~~~~^^^^^^^^^^^^^^^
  File "C:\Users\pen-cock\PycharmProjects\DjangoProjects\.venv\Lib\site-packages\django\template\backends\django.py", line 79, in get_template
    return Template(self.engine.get_template(template_name), self)
                    ~~~~~~~~~~~~~~~~~~~~~~~~^^^^^^^^^^^^^^^
  File "C:\Users\pen-cock\PycharmProjects\DjangoProjects\.venv\Lib\site-packages\django\template\engine.py", line 177, in get_template
    template, origin = self.find_template(template_name)
                       ~~~~~~~~~~~~~~~~~~^^^^^^^^^^^^^^^
  File "C:\Users\pen-cock\PycharmProjects\DjangoProjects\.venv\Lib\site-packages\django\template\engine.py", line 159, in find_template
    template = loader.get_template(name, skip=skip)
  File "C:\Users\pen-cock\PycharmProjects\DjangoProjects\.venv\Lib\site-packages\django\template\loaders\cached.py", line 57, in get_template
    template = super().get_template(template_name, skip)
  File "C:\Users\pen-cock\PycharmProjects\DjangoProjects\.venv\Lib\site-packages\django\template\loaders\base.py", line 28, in get_template
    return Template(
        contents,
    ...<2 lines>...
        self.engine,
    )
  File "C:\Users\pen-cock\PycharmProjects\DjangoProjects\.venv\Lib\site-packages\django\template\base.py", line 154, in __init__
    self.nodelist = self.compile_nodelist()
                    ~~~~~~~~~~~~~~~~~~~~~^^
  File "C:\Users\pen-cock\PycharmProjects\DjangoProjects\.venv\Lib\site-packages\django\template\base.py", line 196, in compile_nodelist
    nodelist = parser.parse()
  File "C:\Users\pen-cock\PycharmProjects\DjangoProjects\.venv\Lib\site-packages\django\template\base.py", line 518, in parse
    raise self.error(token, e)
  File "C:\Users\pen-cock\PycharmProjects\DjangoProjects\.venv\Lib\site-packages\django\template\base.py", line 516, in parse
    compiled_result = compile_func(self, token)
  File "C:\Users\pen-cock\PycharmProjects\DjangoProjects\.venv\Lib\site-packages\django\template\loader_tags.py", line 295, in do_extends
    nodelist = parser.parse()
  File "C:\Users\pen-cock\PycharmProjects\DjangoProjects\.venv\Lib\site-packages\django\template\base.py", line 518, in parse
    raise self.error(token, e)
  File "C:\Users\pen-cock\PycharmProjects\DjangoProjects\.venv\Lib\site-packages\django\template\base.py", line 516, in parse
    compiled_result = compile_func(self, token)
  File "C:\Users\pen-cock\PycharmProjects\DjangoProjects\.venv\Lib\site-packages\django\template\loader_tags.py", line 234, in do_block
    nodelist = parser.parse(("endblock",))
  File "C:\Users\pen-cock\PycharmProjects\DjangoProjects\.venv\Lib\site-packages\django\template\base.py", line 489, in parse
    raise self.error(token, e)
  File "C:\Users\pen-cock\PycharmProjects\DjangoProjects\.venv\Lib\site-packages\django\template\base.py", line 487, in parse
    filter_expression = self.compile_filter(token.contents)
  File "C:\Users\pen-cock\PycharmProjects\DjangoProjects\.venv\Lib\site-packages\django\template\base.py", line 605, in compile_filter
    return FilterExpression(token, self)
  File "C:\Users\pen-cock\PycharmProjects\DjangoProjects\.venv\Lib\site-packages\django\template\base.py", line 706, in __init__
    raise TemplateSyntaxError(
    ...<2 lines>...
    )
django.template.exceptions.TemplateSyntaxError: Could not parse the remainder: '(status='accepted').count' from 'post.comment_set.filter(status='accepted').count'
2025-07-08 11:20:02,799 ERROR "GET /news/80/ HTTP/1.1" 500 209691 C:\Users\pen-cock\PycharmProjects\DjangoProjects\.venv\Lib\site-packages\django\core\servers\basehttp.py
None
2025-07-08 11:25:25,275 ERROR Internal Server Error: /news/80/ C:\Users\pen-cock\PycharmProjects\DjangoProjects\.venv\Lib\site-packages\django\utils\log.py
(<class 'django.template.exceptions.TemplateSyntaxError'>, TemplateSyntaxError('Could not parse the remainder: \'(status="accepted").count\' from \'post.comment_set.filter(status="accepted").count\''), <traceback object at 0x0000026D78688D80>)
Traceback (most recent call last):
  File "C:\Users\pen-cock\PycharmProjects\DjangoProjects\.venv\Lib\site-packages\django\core\handlers\exception.py", line 55, in inner
    response = get_response(request)
  File "C:\Users\pen-cock\PycharmProjects\DjangoProjects\.venv\Lib\site-packages\django\core\handlers\base.py", line 220, in _get_response
    response = response.render()
  File "C:\Users\pen-cock\PycharmProjects\DjangoProjects\.venv\Lib\site-packages\django\template\response.py", line 114, in render
    self.content = self.rendered_content
                   ^^^^^^^^^^^^^^^^^^^^^
  File "C:\Users\pen-cock\PycharmProjects\DjangoProjects\.venv\Lib\site-packages\django\template\response.py", line 90, in rendered_content
    template = self.resolve_template(self.template_name)
  File "C:\Users\pen-cock\PycharmProjects\DjangoProjects\.venv\Lib\site-packages\django\template\response.py", line 72, in resolve_template
    return select_template(template, using=self.using)
  File "C:\Users\pen-cock\PycharmProjects\DjangoProjects\.venv\Lib\site-packages\django\template\loader.py", line 42, in select_template
    return engine.get_template(template_name)
           ~~~~~~~~~~~~~~~~~~~^^^^^^^^^^^^^^^
  File "C:\Users\pen-cock\PycharmProjects\DjangoProjects\.venv\Lib\site-packages\django\template\backends\django.py", line 79, in get_template
    return Template(self.engine.get_template(template_name), self)
                    ~~~~~~~~~~~~~~~~~~~~~~~~^^^^^^^^^^^^^^^
  File "C:\Users\pen-cock\PycharmProjects\DjangoProjects\.venv\Lib\site-packages\django\template\engine.py", line 177, in get_template
    template, origin = self.find_template(template_name)
                       ~~~~~~~~~~~~~~~~~~^^^^^^^^^^^^^^^
  File "C:\Users\pen-cock\PycharmProjects\DjangoProjects\.venv\Lib\site-packages\django\template\engine.py", line 159, in find_template
    template = loader.get_template(name, skip=skip)
  File "C:\Users\pen-cock\PycharmProjects\DjangoProjects\.venv\Lib\site-packages\django\template\loaders\cached.py", line 57, in get_template
    template = super().get_template(template_name, skip)
  File "C:\Users\pen-cock\PycharmProjects\DjangoProjects\.venv\Lib\site-packages\django\template\loaders\base.py", line 28, in get_template
    return Template(
        contents,
    ...<2 lines>...
        self.engine,
    )
  File "C:\Users\pen-cock\PycharmProjects\DjangoProjects\.venv\Lib\site-packages\django\template\base.py", line 154, in __init__
    self.nodelist = self.compile_nodelist()
                    ~~~~~~~~~~~~~~~~~~~~~^^
  File "C:\Users\pen-cock\PycharmProjects\DjangoProjects\.venv\Lib\site-packages\django\template\base.py", line 196, in compile_nodelist
    nodelist = parser.parse()
  File "C:\Users\pen-cock\PycharmProjects\DjangoProjects\.venv\Lib\site-packages\django\template\base.py", line 518, in parse
    raise self.error(token, e)
  File "C:\Users\pen-cock\PycharmProjects\DjangoProjects\.venv\Lib\site-packages\django\template\base.py", line 516, in parse
    compiled_result = compile_func(self, token)
  File "C:\Users\pen-cock\PycharmProjects\DjangoProjects\.venv\Lib\site-packages\django\template\loader_tags.py", line 295, in do_extends
    nodelist = parser.parse()
  File "C:\Users\pen-cock\PycharmProjects\DjangoProjects\.venv\Lib\site-packages\django\template\base.py", line 518, in parse
    raise self.error(token, e)
  File "C:\Users\pen-cock\PycharmProjects\DjangoProjects\.venv\Lib\site-packages\django\template\base.py", line 516, in parse
    compiled_result = compile_func(self, token)
  File "C:\Users\pen-cock\PycharmProjects\DjangoProjects\.venv\Lib\site-packages\django\template\loader_tags.py", line 234, in do_block
    nodelist = parser.parse(("endblock",))
  File "C:\Users\pen-cock\PycharmProjects\DjangoProjects\.venv\Lib\site-packages\django\template\base.py", line 489, in parse
    raise self.error(token, e)
  File "C:\Users\pen-cock\PycharmProjects\DjangoProjects\.venv\Lib\site-packages\django\template\base.py", line 487, in parse
    filter_expression = self.compile_filter(token.contents)
  File "C:\Users\pen-cock\PycharmProjects\DjangoProjects\.venv\Lib\site-packages\django\template\base.py", line 605, in compile_filter
    return FilterExpression(token, self)
  File "C:\Users\pen-cock\PycharmProjects\DjangoProjects\.venv\Lib\site-packages\django\template\base.py", line 706, in __init__
    raise TemplateSyntaxError(
    ...<2 lines>...
    )
django.template.exceptions.TemplateSyntaxError: Could not parse the remainder: '(status="accepted").count' from 'post.comment_set.filter(status="accepted").count'
2025-07-08 11:25:25,280 ERROR "GET /news/80/ HTTP/1.1" 500 209695 C:\Users\pen-cock\PycharmProjects\DjangoProjects\.venv\Lib\site-packages\django\core\servers\basehttp.py
None
2025-07-08 11:26:05,383 ERROR Internal Server Error: /news/80/ C:\Users\pen-cock\PycharmProjects\DjangoProjects\.venv\Lib\site-packages\django\utils\log.py
(<class 'django.template.exceptions.TemplateSyntaxError'>, TemplateSyntaxError('Could not parse the remainder: \'(status="accepted").count()\' from \'post.comment_set.filter(status="accepted").count()\''), <traceback object at 0x0000026D786E0FC0>)
Traceback (most recent call last):
  File "C:\Users\pen-cock\PycharmProjects\DjangoProjects\.venv\Lib\site-packages\django\core\handlers\exception.py", line 55, in inner
    response = get_response(request)
  File "C:\Users\pen-cock\PycharmProjects\DjangoProjects\.venv\Lib\site-packages\django\core\handlers\base.py", line 220, in _get_response
    response = response.render()
  File "C:\Users\pen-cock\PycharmProjects\DjangoProjects\.venv\Lib\site-packages\django\template\response.py", line 114, in render
    self.content = self.rendered_content
                   ^^^^^^^^^^^^^^^^^^^^^
  File "C:\Users\pen-cock\PycharmProjects\DjangoProjects\.venv\Lib\site-packages\django\template\response.py", line 90, in rendered_content
    template = self.resolve_template(self.template_name)
  File "C:\Users\pen-cock\PycharmProjects\DjangoProjects\.venv\Lib\site-packages\django\template\response.py", line 72, in resolve_template
    return select_template(template, using=self.using)
  File "C:\Users\pen-cock\PycharmProjects\DjangoProjects\.venv\Lib\site-packages\django\template\loader.py", line 42, in select_template
    return engine.get_template(template_name)
           ~~~~~~~~~~~~~~~~~~~^^^^^^^^^^^^^^^
  File "C:\Users\pen-cock\PycharmProjects\DjangoProjects\.venv\Lib\site-packages\django\template\backends\django.py", line 79, in get_template
    return Template(self.engine.get_template(template_name), self)
                    ~~~~~~~~~~~~~~~~~~~~~~~~^^^^^^^^^^^^^^^
  File "C:\Users\pen-cock\PycharmProjects\DjangoProjects\.venv\Lib\site-packages\django\template\engine.py", line 177, in get_template
    template, origin = self.find_template(template_name)
                       ~~~~~~~~~~~~~~~~~~^^^^^^^^^^^^^^^
  File "C:\Users\pen-cock\PycharmProjects\DjangoProjects\.venv\Lib\site-packages\django\template\engine.py", line 159, in find_template
    template = loader.get_template(name, skip=skip)
  File "C:\Users\pen-cock\PycharmProjects\DjangoProjects\.venv\Lib\site-packages\django\template\loaders\cached.py", line 57, in get_template
    template = super().get_template(template_name, skip)
  File "C:\Users\pen-cock\PycharmProjects\DjangoProjects\.venv\Lib\site-packages\django\template\loaders\base.py", line 28, in get_template
    return Template(
        contents,
    ...<2 lines>...
        self.engine,
    )
  File "C:\Users\pen-cock\PycharmProjects\DjangoProjects\.venv\Lib\site-packages\django\template\base.py", line 154, in __init__
    self.nodelist = self.compile_nodelist()
                    ~~~~~~~~~~~~~~~~~~~~~^^
  File "C:\Users\pen-cock\PycharmProjects\DjangoProjects\.venv\Lib\site-packages\django\template\base.py", line 196, in compile_nodelist
    nodelist = parser.parse()
  File "C:\Users\pen-cock\PycharmProjects\DjangoProjects\.venv\Lib\site-packages\django\template\base.py", line 518, in parse
    raise self.error(token, e)
  File "C:\Users\pen-cock\PycharmProjects\DjangoProjects\.venv\Lib\site-packages\django\template\base.py", line 516, in parse
    compiled_result = compile_func(self, token)
  File "C:\Users\pen-cock\PycharmProjects\DjangoProjects\.venv\Lib\site-packages\django\template\loader_tags.py", line 295, in do_extends
    nodelist = parser.parse()
  File "C:\Users\pen-cock\PycharmProjects\DjangoProjects\.venv\Lib\site-packages\django\template\base.py", line 518, in parse
    raise self.error(token, e)
  File "C:\Users\pen-cock\PycharmProjects\DjangoProjects\.venv\Lib\site-packages\django\template\base.py", line 516, in parse
    compiled_result = compile_func(self, token)
  File "C:\Users\pen-cock\PycharmProjects\DjangoProjects\.venv\Lib\site-packages\django\template\loader_tags.py", line 234, in do_block
    nodelist = parser.parse(("endblock",))
  File "C:\Users\pen-cock\PycharmProjects\DjangoProjects\.venv\Lib\site-packages\django\template\base.py", line 489, in parse
    raise self.error(token, e)
  File "C:\Users\pen-cock\PycharmProjects\DjangoProjects\.venv\Lib\site-packages\django\template\base.py", line 487, in parse
    filter_expression = self.compile_filter(token.contents)
  File "C:\Users\pen-cock\PycharmProjects\DjangoProjects\.venv\Lib\site-packages\django\template\base.py", line 605, in compile_filter
    return FilterExpression(token, self)
  File "C:\Users\pen-cock\PycharmProjects\DjangoProjects\.venv\Lib\site-packages\django\template\base.py", line 706, in __init__
    raise TemplateSyntaxError(
    ...<2 lines>...
    )
django.template.exceptions.TemplateSyntaxError: Could not parse the remainder: '(status="accepted").count()' from 'post.comment_set.filter(status="accepted").count()'
2025-07-08 11:26:05,387 ERROR "GET /news/80/ HTTP/1.1" 500 209733 C:\Users\pen-cock\PycharmProjects\DjangoProjects\.venv\Lib\site-packages\django\core\servers\basehttp.py
None
2025-07-08 11:26:11,173 ERROR Internal Server Error: /news/80/ C:\Users\pen-cock\PycharmProjects\DjangoProjects\.venv\Lib\site-packages\django\utils\log.py
(<class 'django.template.exceptions.TemplateSyntaxError'>, TemplateSyntaxError('Could not parse the remainder: \'(status="accepted").count()\' from \'post.comment_set.filter(status="accepted").count()\''), <traceback object at 0x0000026D7860D700>)
Traceback (most recent call last):
  File "C:\Users\pen-cock\PycharmProjects\DjangoProjects\.venv\Lib\site-packages\django\core\handlers\exception.py", line 55, in inner
    response = get_response(request)
  File "C:\Users\pen-cock\PycharmProjects\DjangoProjects\.venv\Lib\site-packages\django\core\handlers\base.py", line 220, in _get_response
    response = response.render()
  File "C:\Users\pen-cock\PycharmProjects\DjangoProjects\.venv\Lib\site-packages\django\template\response.py", line 114, in render
    self.content = self.rendered_content
                   ^^^^^^^^^^^^^^^^^^^^^
  File "C:\Users\pen-cock\PycharmProjects\DjangoProjects\.venv\Lib\site-packages\django\template\response.py", line 90, in rendered_content
    template = self.resolve_template(self.template_name)
  File "C:\Users\pen-cock\PycharmProjects\DjangoProjects\.venv\Lib\site-packages\django\template\response.py", line 72, in resolve_template
    return select_template(template, using=self.using)
  File "C:\Users\pen-cock\PycharmProjects\DjangoProjects\.venv\Lib\site-packages\django\template\loader.py", line 42, in select_template
    return engine.get_template(template_name)
           ~~~~~~~~~~~~~~~~~~~^^^^^^^^^^^^^^^
  File "C:\Users\pen-cock\PycharmProjects\DjangoProjects\.venv\Lib\site-packages\django\template\backends\django.py", line 79, in get_template
    return Template(self.engine.get_template(template_name), self)
                    ~~~~~~~~~~~~~~~~~~~~~~~~^^^^^^^^^^^^^^^
  File "C:\Users\pen-cock\PycharmProjects\DjangoProjects\.venv\Lib\site-packages\django\template\engine.py", line 177, in get_template
    template, origin = self.find_template(template_name)
                       ~~~~~~~~~~~~~~~~~~^^^^^^^^^^^^^^^
  File "C:\Users\pen-cock\PycharmProjects\DjangoProjects\.venv\Lib\site-packages\django\template\engine.py", line 159, in find_template
    template = loader.get_template(name, skip=skip)
  File "C:\Users\pen-cock\PycharmProjects\DjangoProjects\.venv\Lib\site-packages\django\template\loaders\cached.py", line 57, in get_template
    template = super().get_template(template_name, skip)
  File "C:\Users\pen-cock\PycharmProjects\DjangoProjects\.venv\Lib\site-packages\django\template\loaders\base.py", line 28, in get_template
    return Template(
        contents,
    ...<2 lines>...
        self.engine,
    )
  File "C:\Users\pen-cock\PycharmProjects\DjangoProjects\.venv\Lib\site-packages\django\template\base.py", line 154, in __init__
    self.nodelist = self.compile_nodelist()
                    ~~~~~~~~~~~~~~~~~~~~~^^
  File "C:\Users\pen-cock\PycharmProjects\DjangoProjects\.venv\Lib\site-packages\django\template\base.py", line 196, in compile_nodelist
    nodelist = parser.parse()
  File "C:\Users\pen-cock\PycharmProjects\DjangoProjects\.venv\Lib\site-packages\django\template\base.py", line 518, in parse
    raise self.error(token, e)
  File "C:\Users\pen-cock\PycharmProjects\DjangoProjects\.venv\Lib\site-packages\django\template\base.py", line 516, in parse
    compiled_result = compile_func(self, token)
  File "C:\Users\pen-cock\PycharmProjects\DjangoProjects\.venv\Lib\site-packages\django\template\loader_tags.py", line 295, in do_extends
    nodelist = parser.parse()
  File "C:\Users\pen-cock\PycharmProjects\DjangoProjects\.venv\Lib\site-packages\django\template\base.py", line 518, in parse
    raise self.error(token, e)
  File "C:\Users\pen-cock\PycharmProjects\DjangoProjects\.venv\Lib\site-packages\django\template\base.py", line 516, in parse
    compiled_result = compile_func(self, token)
  File "C:\Users\pen-cock\PycharmProjects\DjangoProjects\.venv\Lib\site-packages\django\template\loader_tags.py", line 234, in do_block
    nodelist = parser.parse(("endblock",))
  File "C:\Users\pen-cock\PycharmProjects\DjangoProjects\.venv\Lib\site-packages\django\template\base.py", line 489, in parse
    raise self.error(token, e)
  File "C:\Users\pen-cock\PycharmProjects\DjangoProjects\.venv\Lib\site-packages\django\template\base.py", line 487, in parse
    filter_expression = self.compile_filter(token.contents)
  File "C:\Users\pen-cock\PycharmProjects\DjangoProjects\.venv\Lib\site-packages\django\template\base.py", line 605, in compile_filter
    return FilterExpression(token, self)
  File "C:\Users\pen-cock\PycharmProjects\DjangoProjects\.venv\Lib\site-packages\django\template\base.py", line 706, in __init__
    raise TemplateSyntaxError(
    ...<2 lines>...
    )
django.template.exceptions.TemplateSyntaxError: Could not parse the remainder: '(status="accepted").count()' from 'post.comment_set.filter(status="accepted").count()'
2025-07-08 11:26:11,177 ERROR "GET /news/80/ HTTP/1.1" 500 209733 C:\Users\pen-cock\PycharmProjects\DjangoProjects\.venv\Lib\site-packages\django\core\servers\basehttp.py
None
2025-07-08 11:32:29,726 ERROR Internal Server Error: /news/80/ C:\Users\pen-cock\PycharmProjects\DjangoProjects\.venv\Lib\site-packages\django\utils\log.py
(<class 'django.template.exceptions.TemplateSyntaxError'>, TemplateSyntaxError('Could not parse the remainder: \'(status="accepted").count()\' from \'post.comment_set.filter(status="accepted").count()\''), <traceback object at 0x0000026D786A5A00>)
Traceback (most recent call last):
  File "C:\Users\pen-cock\PycharmProjects\DjangoProjects\.venv\Lib\site-packages\django\core\handlers\exception.py", line 55, in inner
    response = get_response(request)
  File "C:\Users\pen-cock\PycharmProjects\DjangoProjects\.venv\Lib\site-packages\django\core\handlers\base.py", line 220, in _get_response
    response = response.render()
  File "C:\Users\pen-cock\PycharmProjects\DjangoProjects\.venv\Lib\site-packages\django\template\response.py", line 114, in render
    self.content = self.rendered_content
                   ^^^^^^^^^^^^^^^^^^^^^
  File "C:\Users\pen-cock\PycharmProjects\DjangoProjects\.venv\Lib\site-packages\django\template\response.py", line 90, in rendered_content
    template = self.resolve_template(self.template_name)
  File "C:\Users\pen-cock\PycharmProjects\DjangoProjects\.venv\Lib\site-packages\django\template\response.py", line 72, in resolve_template
    return select_template(template, using=self.using)
  File "C:\Users\pen-cock\PycharmProjects\DjangoProjects\.venv\Lib\site-packages\django\template\loader.py", line 42, in select_template
    return engine.get_template(template_name)
           ~~~~~~~~~~~~~~~~~~~^^^^^^^^^^^^^^^
  File "C:\Users\pen-cock\PycharmProjects\DjangoProjects\.venv\Lib\site-packages\django\template\backends\django.py", line 79, in get_template
    return Template(self.engine.get_template(template_name), self)
                    ~~~~~~~~~~~~~~~~~~~~~~~~^^^^^^^^^^^^^^^
  File "C:\Users\pen-cock\PycharmProjects\DjangoProjects\.venv\Lib\site-packages\django\template\engine.py", line 177, in get_template
    template, origin = self.find_template(template_name)
                       ~~~~~~~~~~~~~~~~~~^^^^^^^^^^^^^^^
  File "C:\Users\pen-cock\PycharmProjects\DjangoProjects\.venv\Lib\site-packages\django\template\engine.py", line 159, in find_template
    template = loader.get_template(name, skip=skip)
  File "C:\Users\pen-cock\PycharmProjects\DjangoProjects\.venv\Lib\site-packages\django\template\loaders\cached.py", line 57, in get_template
    template = super().get_template(template_name, skip)
  File "C:\Users\pen-cock\PycharmProjects\DjangoProjects\.venv\Lib\site-packages\django\template\loaders\base.py", line 28, in get_template
    return Template(
        contents,
    ...<2 lines>...
        self.engine,
    )
  File "C:\Users\pen-cock\PycharmProjects\DjangoProjects\.venv\Lib\site-packages\django\template\base.py", line 154, in __init__
    self.nodelist = self.compile_nodelist()
                    ~~~~~~~~~~~~~~~~~~~~~^^
  File "C:\Users\pen-cock\PycharmProjects\DjangoProjects\.venv\Lib\site-packages\django\template\base.py", line 196, in compile_nodelist
    nodelist = parser.parse()
  File "C:\Users\pen-cock\PycharmProjects\DjangoProjects\.venv\Lib\site-packages\django\template\base.py", line 518, in parse
    raise self.error(token, e)
  File "C:\Users\pen-cock\PycharmProjects\DjangoProjects\.venv\Lib\site-packages\django\template\base.py", line 516, in parse
    compiled_result = compile_func(self, token)
  File "C:\Users\pen-cock\PycharmProjects\DjangoProjects\.venv\Lib\site-packages\django\template\loader_tags.py", line 295, in do_extends
    nodelist = parser.parse()
  File "C:\Users\pen-cock\PycharmProjects\DjangoProjects\.venv\Lib\site-packages\django\template\base.py", line 518, in parse
    raise self.error(token, e)
  File "C:\Users\pen-cock\PycharmProjects\DjangoProjects\.venv\Lib\site-packages\django\template\base.py", line 516, in parse
    compiled_result = compile_func(self, token)
  File "C:\Users\pen-cock\PycharmProjects\DjangoProjects\.venv\Lib\site-packages\django\template\loader_tags.py", line 234, in do_block
    nodelist = parser.parse(("endblock",))
  File "C:\Users\pen-cock\PycharmProjects\DjangoProjects\.venv\Lib\site-packages\django\template\base.py", line 489, in parse
    raise self.error(token, e)
  File "C:\Users\pen-cock\PycharmProjects\DjangoProjects\.venv\Lib\site-packages\django\template\base.py", line 487, in parse
    filter_expression = self.compile_filter(token.contents)
  File "C:\Users\pen-cock\PycharmProjects\DjangoProjects\.venv\Lib\site-packages\django\template\base.py", line 605, in compile_filter
    return FilterExpression(token, self)
  File "C:\Users\pen-cock\PycharmProjects\DjangoProjects\.venv\Lib\site-packages\django\template\base.py", line 706, in __init__
    raise TemplateSyntaxError(
    ...<2 lines>...
    )
django.template.exceptions.TemplateSyntaxError: Could not parse the remainder: '(status="accepted").count()' from 'post.comment_set.filter(status="accepted").count()'
2025-07-08 11:32:29,730 ERROR "GET /news/80/ HTTP/1.1" 500 209713 C:\Users\pen-cock\PycharmProjects\DjangoProjects\.venv\Lib\site-packages\django\core\servers\basehttp.py
None
2025-07-08 11:32:33,835 ERROR Internal Server Error: /news/80/ C:\Users\pen-cock\PycharmProjects\DjangoProjects\.venv\Lib\site-packages\django\utils\log.py
(<class 'django.template.exceptions.TemplateSyntaxError'>, TemplateSyntaxError('Could not parse the remainder: \'(status="accepted").count()\' from \'post.comment_set.filter(status="accepted").count()\''), <traceback object at 0x0000026D786FC980>)
Traceback (most recent call last):
  File "C:\Users\pen-cock\PycharmProjects\DjangoProjects\.venv\Lib\site-packages\django\core\handlers\exception.py", line 55, in inner
    response = get_response(request)
  File "C:\Users\pen-cock\PycharmProjects\DjangoProjects\.venv\Lib\site-packages\django\core\handlers\base.py", line 220, in _get_response
    response = response.render()
  File "C:\Users\pen-cock\PycharmProjects\DjangoProjects\.venv\Lib\site-packages\django\template\response.py", line 114, in render
    self.content = self.rendered_content
                   ^^^^^^^^^^^^^^^^^^^^^
  File "C:\Users\pen-cock\PycharmProjects\DjangoProjects\.venv\Lib\site-packages\django\template\response.py", line 90, in rendered_content
    template = self.resolve_template(self.template_name)
  File "C:\Users\pen-cock\PycharmProjects\DjangoProjects\.venv\Lib\site-packages\django\template\response.py", line 72, in resolve_template
    return select_template(template, using=self.using)
  File "C:\Users\pen-cock\PycharmProjects\DjangoProjects\.venv\Lib\site-packages\django\template\loader.py", line 42, in select_template
    return engine.get_template(template_name)
           ~~~~~~~~~~~~~~~~~~~^^^^^^^^^^^^^^^
  File "C:\Users\pen-cock\PycharmProjects\DjangoProjects\.venv\Lib\site-packages\django\template\backends\django.py", line 79, in get_template
    return Template(self.engine.get_template(template_name), self)
                    ~~~~~~~~~~~~~~~~~~~~~~~~^^^^^^^^^^^^^^^
  File "C:\Users\pen-cock\PycharmProjects\DjangoProjects\.venv\Lib\site-packages\django\template\engine.py", line 177, in get_template
    template, origin = self.find_template(template_name)
                       ~~~~~~~~~~~~~~~~~~^^^^^^^^^^^^^^^
  File "C:\Users\pen-cock\PycharmProjects\DjangoProjects\.venv\Lib\site-packages\django\template\engine.py", line 159, in find_template
    template = loader.get_template(name, skip=skip)
  File "C:\Users\pen-cock\PycharmProjects\DjangoProjects\.venv\Lib\site-packages\django\template\loaders\cached.py", line 57, in get_template
    template = super().get_template(template_name, skip)
  File "C:\Users\pen-cock\PycharmProjects\DjangoProjects\.venv\Lib\site-packages\django\template\loaders\base.py", line 28, in get_template
    return Template(
        contents,
    ...<2 lines>...
        self.engine,
    )
  File "C:\Users\pen-cock\PycharmProjects\DjangoProjects\.venv\Lib\site-packages\django\template\base.py", line 154, in __init__
    self.nodelist = self.compile_nodelist()
                    ~~~~~~~~~~~~~~~~~~~~~^^
  File "C:\Users\pen-cock\PycharmProjects\DjangoProjects\.venv\Lib\site-packages\django\template\base.py", line 196, in compile_nodelist
    nodelist = parser.parse()
  File "C:\Users\pen-cock\PycharmProjects\DjangoProjects\.venv\Lib\site-packages\django\template\base.py", line 518, in parse
    raise self.error(token, e)
  File "C:\Users\pen-cock\PycharmProjects\DjangoProjects\.venv\Lib\site-packages\django\template\base.py", line 516, in parse
    compiled_result = compile_func(self, token)
  File "C:\Users\pen-cock\PycharmProjects\DjangoProjects\.venv\Lib\site-packages\django\template\loader_tags.py", line 295, in do_extends
    nodelist = parser.parse()
  File "C:\Users\pen-cock\PycharmProjects\DjangoProjects\.venv\Lib\site-packages\django\template\base.py", line 518, in parse
    raise self.error(token, e)
  File "C:\Users\pen-cock\PycharmProjects\DjangoProjects\.venv\Lib\site-packages\django\template\base.py", line 516, in parse
    compiled_result = compile_func(self, token)
  File "C:\Users\pen-cock\PycharmProjects\DjangoProjects\.venv\Lib\site-packages\django\template\loader_tags.py", line 234, in do_block
    nodelist = parser.parse(("endblock",))
  File "C:\Users\pen-cock\PycharmProjects\DjangoProjects\.venv\Lib\site-packages\django\template\base.py", line 489, in parse
    raise self.error(token, e)
  File "C:\Users\pen-cock\PycharmProjects\DjangoProjects\.venv\Lib\site-packages\django\template\base.py", line 487, in parse
    filter_expression = self.compile_filter(token.contents)
  File "C:\Users\pen-cock\PycharmProjects\DjangoProjects\.venv\Lib\site-packages\django\template\base.py", line 605, in compile_filter
    return FilterExpression(token, self)
  File "C:\Users\pen-cock\PycharmProjects\DjangoProjects\.venv\Lib\site-packages\django\template\base.py", line 706, in __init__
    raise TemplateSyntaxError(
    ...<2 lines>...
    )
django.template.exceptions.TemplateSyntaxError: Could not parse the remainder: '(status="accepted").count()' from 'post.comment_set.filter(status="accepted").count()'
2025-07-08 11:32:33,839 ERROR "GET /news/80/ HTTP/1.1" 500 209713 C:\Users\pen-cock\PycharmProjects\DjangoProjects\.venv\Lib\site-packages\django\core\servers\basehttp.py
None
2025-07-08 11:32:53,169 ERROR Internal Server Error: /news/80/ C:\Users\pen-cock\PycharmProjects\DjangoProjects\.venv\Lib\site-packages\django\utils\log.py
(<class 'django.template.exceptions.TemplateSyntaxError'>, TemplateSyntaxError('Could not parse the remainder: \'(status="accepted").count\' from \'post.comment_set.filter(status="accepted").count\''), <traceback object at 0x0000026D786E3A00>)
Traceback (most recent call last):
  File "C:\Users\pen-cock\PycharmProjects\DjangoProjects\.venv\Lib\site-packages\django\core\handlers\exception.py", line 55, in inner
    response = get_response(request)
  File "C:\Users\pen-cock\PycharmProjects\DjangoProjects\.venv\Lib\site-packages\django\core\handlers\base.py", line 220, in _get_response
    response = response.render()
  File "C:\Users\pen-cock\PycharmProjects\DjangoProjects\.venv\Lib\site-packages\django\template\response.py", line 114, in render
    self.content = self.rendered_content
                   ^^^^^^^^^^^^^^^^^^^^^
  File "C:\Users\pen-cock\PycharmProjects\DjangoProjects\.venv\Lib\site-packages\django\template\response.py", line 90, in rendered_content
    template = self.resolve_template(self.template_name)
  File "C:\Users\pen-cock\PycharmProjects\DjangoProjects\.venv\Lib\site-packages\django\template\response.py", line 72, in resolve_template
    return select_template(template, using=self.using)
  File "C:\Users\pen-cock\PycharmProjects\DjangoProjects\.venv\Lib\site-packages\django\template\loader.py", line 42, in select_template
    return engine.get_template(template_name)
           ~~~~~~~~~~~~~~~~~~~^^^^^^^^^^^^^^^
  File "C:\Users\pen-cock\PycharmProjects\DjangoProjects\.venv\Lib\site-packages\django\template\backends\django.py", line 79, in get_template
    return Template(self.engine.get_template(template_name), self)
                    ~~~~~~~~~~~~~~~~~~~~~~~~^^^^^^^^^^^^^^^
  File "C:\Users\pen-cock\PycharmProjects\DjangoProjects\.venv\Lib\site-packages\django\template\engine.py", line 177, in get_template
    template, origin = self.find_template(template_name)
                       ~~~~~~~~~~~~~~~~~~^^^^^^^^^^^^^^^
  File "C:\Users\pen-cock\PycharmProjects\DjangoProjects\.venv\Lib\site-packages\django\template\engine.py", line 159, in find_template
    template = loader.get_template(name, skip=skip)
  File "C:\Users\pen-cock\PycharmProjects\DjangoProjects\.venv\Lib\site-packages\django\template\loaders\cached.py", line 57, in get_template
    template = super().get_template(template_name, skip)
  File "C:\Users\pen-cock\PycharmProjects\DjangoProjects\.venv\Lib\site-packages\django\template\loaders\base.py", line 28, in get_template
    return Template(
        contents,
    ...<2 lines>...
        self.engine,
    )
  File "C:\Users\pen-cock\PycharmProjects\DjangoProjects\.venv\Lib\site-packages\django\template\base.py", line 154, in __init__
    self.nodelist = self.compile_nodelist()
                    ~~~~~~~~~~~~~~~~~~~~~^^
  File "C:\Users\pen-cock\PycharmProjects\DjangoProjects\.venv\Lib\site-packages\django\template\base.py", line 196, in compile_nodelist
    nodelist = parser.parse()
  File "C:\Users\pen-cock\PycharmProjects\DjangoProjects\.venv\Lib\site-packages\django\template\base.py", line 518, in parse
    raise self.error(token, e)
  File "C:\Users\pen-cock\PycharmProjects\DjangoProjects\.venv\Lib\site-packages\django\template\base.py", line 516, in parse
    compiled_result = compile_func(self, token)
  File "C:\Users\pen-cock\PycharmProjects\DjangoProjects\.venv\Lib\site-packages\django\template\loader_tags.py", line 295, in do_extends
    nodelist = parser.parse()
  File "C:\Users\pen-cock\PycharmProjects\DjangoProjects\.venv\Lib\site-packages\django\template\base.py", line 518, in parse
    raise self.error(token, e)
  File "C:\Users\pen-cock\PycharmProjects\DjangoProjects\.venv\Lib\site-packages\django\template\base.py", line 516, in parse
    compiled_result = compile_func(self, token)
  File "C:\Users\pen-cock\PycharmProjects\DjangoProjects\.venv\Lib\site-packages\django\template\loader_tags.py", line 234, in do_block
    nodelist = parser.parse(("endblock",))
  File "C:\Users\pen-cock\PycharmProjects\DjangoProjects\.venv\Lib\site-packages\django\template\base.py", line 489, in parse
    raise self.error(token, e)
  File "C:\Users\pen-cock\PycharmProjects\DjangoProjects\.venv\Lib\site-packages\django\template\base.py", line 487, in parse
    filter_expression = self.compile_filter(token.contents)
  File "C:\Users\pen-cock\PycharmProjects\DjangoProjects\.venv\Lib\site-packages\django\template\base.py", line 605, in compile_filter
    return FilterExpression(token, self)
  File "C:\Users\pen-cock\PycharmProjects\DjangoProjects\.venv\Lib\site-packages\django\template\base.py", line 706, in __init__
    raise TemplateSyntaxError(
    ...<2 lines>...
    )
django.template.exceptions.TemplateSyntaxError: Could not parse the remainder: '(status="accepted").count' from 'post.comment_set.filter(status="accepted").count'
2025-07-08 11:32:53,173 ERROR "GET /news/80/ HTTP/1.1" 500 209647 C:\Users\pen-cock\PycharmProjects\DjangoProjects\.venv\Lib\site-packages\django\core\servers\basehttp.py
None
2025-07-08 11:34:50,256 ERROR Internal Server Error: /news/80/ C:\Users\pen-cock\PycharmProjects\DjangoProjects\.venv\Lib\site-packages\django\utils\log.py
(<class 'django.template.exceptions.TemplateSyntaxError'>, TemplateSyntaxError('Could not parse the remainder: \'(status="accepted").count()\' from \'post.comments.filter(status="accepted").count()\''), <traceback object at 0x0000026D786FE540>)
Traceback (most recent call last):
  File "C:\Users\pen-cock\PycharmProjects\DjangoProjects\.venv\Lib\site-packages\django\core\handlers\exception.py", line 55, in inner
    response = get_response(request)
  File "C:\Users\pen-cock\PycharmProjects\DjangoProjects\.venv\Lib\site-packages\django\core\handlers\base.py", line 220, in _get_response
    response = response.render()
  File "C:\Users\pen-cock\PycharmProjects\DjangoProjects\.venv\Lib\site-packages\django\template\response.py", line 114, in render
    self.content = self.rendered_content
                   ^^^^^^^^^^^^^^^^^^^^^
  File "C:\Users\pen-cock\PycharmProjects\DjangoProjects\.venv\Lib\site-packages\django\template\response.py", line 90, in rendered_content
    template = self.resolve_template(self.template_name)
  File "C:\Users\pen-cock\PycharmProjects\DjangoProjects\.venv\Lib\site-packages\django\template\response.py", line 72, in resolve_template
    return select_template(template, using=self.using)
  File "C:\Users\pen-cock\PycharmProjects\DjangoProjects\.venv\Lib\site-packages\django\template\loader.py", line 42, in select_template
    return engine.get_template(template_name)
           ~~~~~~~~~~~~~~~~~~~^^^^^^^^^^^^^^^
  File "C:\Users\pen-cock\PycharmProjects\DjangoProjects\.venv\Lib\site-packages\django\template\backends\django.py", line 79, in get_template
    return Template(self.engine.get_template(template_name), self)
                    ~~~~~~~~~~~~~~~~~~~~~~~~^^^^^^^^^^^^^^^
  File "C:\Users\pen-cock\PycharmProjects\DjangoProjects\.venv\Lib\site-packages\django\template\engine.py", line 177, in get_template
    template, origin = self.find_template(template_name)
                       ~~~~~~~~~~~~~~~~~~^^^^^^^^^^^^^^^
  File "C:\Users\pen-cock\PycharmProjects\DjangoProjects\.venv\Lib\site-packages\django\template\engine.py", line 159, in find_template
    template = loader.get_template(name, skip=skip)
  File "C:\Users\pen-cock\PycharmProjects\DjangoProjects\.venv\Lib\site-packages\django\template\loaders\cached.py", line 57, in get_template
    template = super().get_template(template_name, skip)
  File "C:\Users\pen-cock\PycharmProjects\DjangoProjects\.venv\Lib\site-packages\django\template\loaders\base.py", line 28, in get_template
    return Template(
        contents,
    ...<2 lines>...
        self.engine,
    )
  File "C:\Users\pen-cock\PycharmProjects\DjangoProjects\.venv\Lib\site-packages\django\template\base.py", line 154, in __init__
    self.nodelist = self.compile_nodelist()
                    ~~~~~~~~~~~~~~~~~~~~~^^
  File "C:\Users\pen-cock\PycharmProjects\DjangoProjects\.venv\Lib\site-packages\django\template\base.py", line 196, in compile_nodelist
    nodelist = parser.parse()
  File "C:\Users\pen-cock\PycharmProjects\DjangoProjects\.venv\Lib\site-packages\django\template\base.py", line 518, in parse
    raise self.error(token, e)
  File "C:\Users\pen-cock\PycharmProjects\DjangoProjects\.venv\Lib\site-packages\django\template\base.py", line 516, in parse
    compiled_result = compile_func(self, token)
  File "C:\Users\pen-cock\PycharmProjects\DjangoProjects\.venv\Lib\site-packages\django\template\loader_tags.py", line 295, in do_extends
    nodelist = parser.parse()
  File "C:\Users\pen-cock\PycharmProjects\DjangoProjects\.venv\Lib\site-packages\django\template\base.py", line 518, in parse
    raise self.error(token, e)
  File "C:\Users\pen-cock\PycharmProjects\DjangoProjects\.venv\Lib\site-packages\django\template\base.py", line 516, in parse
    compiled_result = compile_func(self, token)
  File "C:\Users\pen-cock\PycharmProjects\DjangoProjects\.venv\Lib\site-packages\django\template\loader_tags.py", line 234, in do_block
    nodelist = parser.parse(("endblock",))
  File "C:\Users\pen-cock\PycharmProjects\DjangoProjects\.venv\Lib\site-packages\django\template\base.py", line 489, in parse
    raise self.error(token, e)
  File "C:\Users\pen-cock\PycharmProjects\DjangoProjects\.venv\Lib\site-packages\django\template\base.py", line 487, in parse
    filter_expression = self.compile_filter(token.contents)
  File "C:\Users\pen-cock\PycharmProjects\DjangoProjects\.venv\Lib\site-packages\django\template\base.py", line 605, in compile_filter
    return FilterExpression(token, self)
  File "C:\Users\pen-cock\PycharmProjects\DjangoProjects\.venv\Lib\site-packages\django\template\base.py", line 706, in __init__
    raise TemplateSyntaxError(
    ...<2 lines>...
    )
django.template.exceptions.TemplateSyntaxError: Could not parse the remainder: '(status="accepted").count()' from 'post.comments.filter(status="accepted").count()'
2025-07-08 11:34:50,260 ERROR "GET /news/80/ HTTP/1.1" 500 209637 C:\Users\pen-cock\PycharmProjects\DjangoProjects\.venv\Lib\site-packages\django\core\servers\basehttp.py
None
2025-07-08 11:34:53,425 ERROR Internal Server Error: /news/80/ C:\Users\pen-cock\PycharmProjects\DjangoProjects\.venv\Lib\site-packages\django\utils\log.py
(<class 'django.template.exceptions.TemplateSyntaxError'>, TemplateSyntaxError('Could not parse the remainder: \'(status="accepted").count()\' from \'post.comments.filter(status="accepted").count()\''), <traceback object at 0x0000026D786FE0C0>)
Traceback (most recent call last):
  File "C:\Users\pen-cock\PycharmProjects\DjangoProjects\.venv\Lib\site-packages\django\core\handlers\exception.py", line 55, in inner
    response = get_response(request)
  File "C:\Users\pen-cock\PycharmProjects\DjangoProjects\.venv\Lib\site-packages\django\core\handlers\base.py", line 220, in _get_response
    response = response.render()
  File "C:\Users\pen-cock\PycharmProjects\DjangoProjects\.venv\Lib\site-packages\django\template\response.py", line 114, in render
    self.content = self.rendered_content
                   ^^^^^^^^^^^^^^^^^^^^^
  File "C:\Users\pen-cock\PycharmProjects\DjangoProjects\.venv\Lib\site-packages\django\template\response.py", line 90, in rendered_content
    template = self.resolve_template(self.template_name)
  File "C:\Users\pen-cock\PycharmProjects\DjangoProjects\.venv\Lib\site-packages\django\template\response.py", line 72, in resolve_template
    return select_template(template, using=self.using)
  File "C:\Users\pen-cock\PycharmProjects\DjangoProjects\.venv\Lib\site-packages\django\template\loader.py", line 42, in select_template
    return engine.get_template(template_name)
           ~~~~~~~~~~~~~~~~~~~^^^^^^^^^^^^^^^
  File "C:\Users\pen-cock\PycharmProjects\DjangoProjects\.venv\Lib\site-packages\django\template\backends\django.py", line 79, in get_template
    return Template(self.engine.get_template(template_name), self)
                    ~~~~~~~~~~~~~~~~~~~~~~~~^^^^^^^^^^^^^^^
  File "C:\Users\pen-cock\PycharmProjects\DjangoProjects\.venv\Lib\site-packages\django\template\engine.py", line 177, in get_template
    template, origin = self.find_template(template_name)
                       ~~~~~~~~~~~~~~~~~~^^^^^^^^^^^^^^^
  File "C:\Users\pen-cock\PycharmProjects\DjangoProjects\.venv\Lib\site-packages\django\template\engine.py", line 159, in find_template
    template = loader.get_template(name, skip=skip)
  File "C:\Users\pen-cock\PycharmProjects\DjangoProjects\.venv\Lib\site-packages\django\template\loaders\cached.py", line 57, in get_template
    template = super().get_template(template_name, skip)
  File "C:\Users\pen-cock\PycharmProjects\DjangoProjects\.venv\Lib\site-packages\django\template\loaders\base.py", line 28, in get_template
    return Template(
        contents,
    ...<2 lines>...
        self.engine,
    )
  File "C:\Users\pen-cock\PycharmProjects\DjangoProjects\.venv\Lib\site-packages\django\template\base.py", line 154, in __init__
    self.nodelist = self.compile_nodelist()
                    ~~~~~~~~~~~~~~~~~~~~~^^
  File "C:\Users\pen-cock\PycharmProjects\DjangoProjects\.venv\Lib\site-packages\django\template\base.py", line 196, in compile_nodelist
    nodelist = parser.parse()
  File "C:\Users\pen-cock\PycharmProjects\DjangoProjects\.venv\Lib\site-packages\django\template\base.py", line 518, in parse
    raise self.error(token, e)
  File "C:\Users\pen-cock\PycharmProjects\DjangoProjects\.venv\Lib\site-packages\django\template\base.py", line 516, in parse
    compiled_result = compile_func(self, token)
  File "C:\Users\pen-cock\PycharmProjects\DjangoProjects\.venv\Lib\site-packages\django\template\loader_tags.py", line 295, in do_extends
    nodelist = parser.parse()
  File "C:\Users\pen-cock\PycharmProjects\DjangoProjects\.venv\Lib\site-packages\django\template\base.py", line 518, in parse
    raise self.error(token, e)
  File "C:\Users\pen-cock\PycharmProjects\DjangoProjects\.venv\Lib\site-packages\django\template\base.py", line 516, in parse
    compiled_result = compile_func(self, token)
  File "C:\Users\pen-cock\PycharmProjects\DjangoProjects\.venv\Lib\site-packages\django\template\loader_tags.py", line 234, in do_block
    nodelist = parser.parse(("endblock",))
  File "C:\Users\pen-cock\PycharmProjects\DjangoProjects\.venv\Lib\site-packages\django\template\base.py", line 489, in parse
    raise self.error(token, e)
  File "C:\Users\pen-cock\PycharmProjects\DjangoProjects\.venv\Lib\site-packages\django\template\base.py", line 487, in parse
    filter_expression = self.compile_filter(token.contents)
  File "C:\Users\pen-cock\PycharmProjects\DjangoProjects\.venv\Lib\site-packages\django\template\base.py", line 605, in compile_filter
    return FilterExpression(token, self)
  File "C:\Users\pen-cock\PycharmProjects\DjangoProjects\.venv\Lib\site-packages\django\template\base.py", line 706, in __init__
    raise TemplateSyntaxError(
    ...<2 lines>...
    )
django.template.exceptions.TemplateSyntaxError: Could not parse the remainder: '(status="accepted").count()' from 'post.comments.filter(status="accepted").count()'
2025-07-08 11:34:53,429 ERROR "GET /news/80/ HTTP/1.1" 500 209637 C:\Users\pen-cock\PycharmProjects\DjangoProjects\.venv\Lib\site-packages\django\core\servers\basehttp.py
None
2025-07-08 11:34:53,984 ERROR Internal Server Error: /news/80/ C:\Users\pen-cock\PycharmProjects\DjangoProjects\.venv\Lib\site-packages\django\utils\log.py
(<class 'django.template.exceptions.TemplateSyntaxError'>, TemplateSyntaxError('Could not parse the remainder: \'(status="accepted").count()\' from \'post.comments.filter(status="accepted").count()\''), <traceback object at 0x0000026D7860E6C0>)
Traceback (most recent call last):
  File "C:\Users\pen-cock\PycharmProjects\DjangoProjects\.venv\Lib\site-packages\django\core\handlers\exception.py", line 55, in inner
    response = get_response(request)
  File "C:\Users\pen-cock\PycharmProjects\DjangoProjects\.venv\Lib\site-packages\django\core\handlers\base.py", line 220, in _get_response
    response = response.render()
  File "C:\Users\pen-cock\PycharmProjects\DjangoProjects\.venv\Lib\site-packages\django\template\response.py", line 114, in render
    self.content = self.rendered_content
                   ^^^^^^^^^^^^^^^^^^^^^
  File "C:\Users\pen-cock\PycharmProjects\DjangoProjects\.venv\Lib\site-packages\django\template\response.py", line 90, in rendered_content
    template = self.resolve_template(self.template_name)
  File "C:\Users\pen-cock\PycharmProjects\DjangoProjects\.venv\Lib\site-packages\django\template\response.py", line 72, in resolve_template
    return select_template(template, using=self.using)
  File "C:\Users\pen-cock\PycharmProjects\DjangoProjects\.venv\Lib\site-packages\django\template\loader.py", line 42, in select_template
    return engine.get_template(template_name)
           ~~~~~~~~~~~~~~~~~~~^^^^^^^^^^^^^^^
  File "C:\Users\pen-cock\PycharmProjects\DjangoProjects\.venv\Lib\site-packages\django\template\backends\django.py", line 79, in get_template
    return Template(self.engine.get_template(template_name), self)
                    ~~~~~~~~~~~~~~~~~~~~~~~~^^^^^^^^^^^^^^^
  File "C:\Users\pen-cock\PycharmProjects\DjangoProjects\.venv\Lib\site-packages\django\template\engine.py", line 177, in get_template
    template, origin = self.find_template(template_name)
                       ~~~~~~~~~~~~~~~~~~^^^^^^^^^^^^^^^
  File "C:\Users\pen-cock\PycharmProjects\DjangoProjects\.venv\Lib\site-packages\django\template\engine.py", line 159, in find_template
    template = loader.get_template(name, skip=skip)
  File "C:\Users\pen-cock\PycharmProjects\DjangoProjects\.venv\Lib\site-packages\django\template\loaders\cached.py", line 57, in get_template
    template = super().get_template(template_name, skip)
  File "C:\Users\pen-cock\PycharmProjects\DjangoProjects\.venv\Lib\site-packages\django\template\loaders\base.py", line 28, in get_template
    return Template(
        contents,
    ...<2 lines>...
        self.engine,
    )
  File "C:\Users\pen-cock\PycharmProjects\DjangoProjects\.venv\Lib\site-packages\django\template\base.py", line 154, in __init__
    self.nodelist = self.compile_nodelist()
                    ~~~~~~~~~~~~~~~~~~~~~^^
  File "C:\Users\pen-cock\PycharmProjects\DjangoProjects\.venv\Lib\site-packages\django\template\base.py", line 196, in compile_nodelist
    nodelist = parser.parse()
  File "C:\Users\pen-cock\PycharmProjects\DjangoProjects\.venv\Lib\site-packages\django\template\base.py", line 518, in parse
    raise self.error(token, e)
  File "C:\Users\pen-cock\PycharmProjects\DjangoProjects\.venv\Lib\site-packages\django\template\base.py", line 516, in parse
    compiled_result = compile_func(self, token)
  File "C:\Users\pen-cock\PycharmProjects\DjangoProjects\.venv\Lib\site-packages\django\template\loader_tags.py", line 295, in do_extends
    nodelist = parser.parse()
  File "C:\Users\pen-cock\PycharmProjects\DjangoProjects\.venv\Lib\site-packages\django\template\base.py", line 518, in parse
    raise self.error(token, e)
  File "C:\Users\pen-cock\PycharmProjects\DjangoProjects\.venv\Lib\site-packages\django\template\base.py", line 516, in parse
    compiled_result = compile_func(self, token)
  File "C:\Users\pen-cock\PycharmProjects\DjangoProjects\.venv\Lib\site-packages\django\template\loader_tags.py", line 234, in do_block
    nodelist = parser.parse(("endblock",))
  File "C:\Users\pen-cock\PycharmProjects\DjangoProjects\.venv\Lib\site-packages\django\template\base.py", line 489, in parse
    raise self.error(token, e)
  File "C:\Users\pen-cock\PycharmProjects\DjangoProjects\.venv\Lib\site-packages\django\template\base.py", line 487, in parse
    filter_expression = self.compile_filter(token.contents)
  File "C:\Users\pen-cock\PycharmProjects\DjangoProjects\.venv\Lib\site-packages\django\template\base.py", line 605, in compile_filter
    return FilterExpression(token, self)
  File "C:\Users\pen-cock\PycharmProjects\DjangoProjects\.venv\Lib\site-packages\django\template\base.py", line 706, in __init__
    raise TemplateSyntaxError(
    ...<2 lines>...
    )
django.template.exceptions.TemplateSyntaxError: Could not parse the remainder: '(status="accepted").count()' from 'post.comments.filter(status="accepted").count()'
2025-07-08 11:34:53,989 ERROR "GET /news/80/ HTTP/1.1" 500 209637 C:\Users\pen-cock\PycharmProjects\DjangoProjects\.venv\Lib\site-packages\django\core\servers\basehttp.py
None
2025-07-08 11:36:10,119 ERROR Internal Server Error: /news/80/ C:\Users\pen-cock\PycharmProjects\DjangoProjects\.venv\Lib\site-packages\django\utils\log.py
(<class 'django.template.exceptions.TemplateSyntaxError'>, TemplateSyntaxError('Could not parse the remainder: \'(status="accepted").count()\' from \'post.comments.filter(status="accepted").count()\''), <traceback object at 0x000001CBA0EBC900>)
Traceback (most recent call last):
  File "C:\Users\pen-cock\PycharmProjects\DjangoProjects\.venv\Lib\site-packages\django\core\handlers\exception.py", line 55, in inner
    response = get_response(request)
  File "C:\Users\pen-cock\PycharmProjects\DjangoProjects\.venv\Lib\site-packages\django\core\handlers\base.py", line 220, in _get_response
    response = response.render()
  File "C:\Users\pen-cock\PycharmProjects\DjangoProjects\.venv\Lib\site-packages\django\template\response.py", line 114, in render
    self.content = self.rendered_content
                   ^^^^^^^^^^^^^^^^^^^^^
  File "C:\Users\pen-cock\PycharmProjects\DjangoProjects\.venv\Lib\site-packages\django\template\response.py", line 90, in rendered_content
    template = self.resolve_template(self.template_name)
  File "C:\Users\pen-cock\PycharmProjects\DjangoProjects\.venv\Lib\site-packages\django\template\response.py", line 72, in resolve_template
    return select_template(template, using=self.using)
  File "C:\Users\pen-cock\PycharmProjects\DjangoProjects\.venv\Lib\site-packages\django\template\loader.py", line 42, in select_template
    return engine.get_template(template_name)
           ~~~~~~~~~~~~~~~~~~~^^^^^^^^^^^^^^^
  File "C:\Users\pen-cock\PycharmProjects\DjangoProjects\.venv\Lib\site-packages\django\template\backends\django.py", line 79, in get_template
    return Template(self.engine.get_template(template_name), self)
                    ~~~~~~~~~~~~~~~~~~~~~~~~^^^^^^^^^^^^^^^
  File "C:\Users\pen-cock\PycharmProjects\DjangoProjects\.venv\Lib\site-packages\django\template\engine.py", line 177, in get_template
    template, origin = self.find_template(template_name)
                       ~~~~~~~~~~~~~~~~~~^^^^^^^^^^^^^^^
  File "C:\Users\pen-cock\PycharmProjects\DjangoProjects\.venv\Lib\site-packages\django\template\engine.py", line 159, in find_template
    template = loader.get_template(name, skip=skip)
  File "C:\Users\pen-cock\PycharmProjects\DjangoProjects\.venv\Lib\site-packages\django\template\loaders\cached.py", line 57, in get_template
    template = super().get_template(template_name, skip)
  File "C:\Users\pen-cock\PycharmProjects\DjangoProjects\.venv\Lib\site-packages\django\template\loaders\base.py", line 28, in get_template
    return Template(
        contents,
    ...<2 lines>...
        self.engine,
    )
  File "C:\Users\pen-cock\PycharmProjects\DjangoProjects\.venv\Lib\site-packages\django\template\base.py", line 154, in __init__
    self.nodelist = self.compile_nodelist()
                    ~~~~~~~~~~~~~~~~~~~~~^^
  File "C:\Users\pen-cock\PycharmProjects\DjangoProjects\.venv\Lib\site-packages\django\template\base.py", line 196, in compile_nodelist
    nodelist = parser.parse()
  File "C:\Users\pen-cock\PycharmProjects\DjangoProjects\.venv\Lib\site-packages\django\template\base.py", line 518, in parse
    raise self.error(token, e)
  File "C:\Users\pen-cock\PycharmProjects\DjangoProjects\.venv\Lib\site-packages\django\template\base.py", line 516, in parse
    compiled_result = compile_func(self, token)
  File "C:\Users\pen-cock\PycharmProjects\DjangoProjects\.venv\Lib\site-packages\django\template\loader_tags.py", line 295, in do_extends
    nodelist = parser.parse()
  File "C:\Users\pen-cock\PycharmProjects\DjangoProjects\.venv\Lib\site-packages\django\template\base.py", line 518, in parse
    raise self.error(token, e)
  File "C:\Users\pen-cock\PycharmProjects\DjangoProjects\.venv\Lib\site-packages\django\template\base.py", line 516, in parse
    compiled_result = compile_func(self, token)
  File "C:\Users\pen-cock\PycharmProjects\DjangoProjects\.venv\Lib\site-packages\django\template\loader_tags.py", line 234, in do_block
    nodelist = parser.parse(("endblock",))
  File "C:\Users\pen-cock\PycharmProjects\DjangoProjects\.venv\Lib\site-packages\django\template\base.py", line 489, in parse
    raise self.error(token, e)
  File "C:\Users\pen-cock\PycharmProjects\DjangoProjects\.venv\Lib\site-packages\django\template\base.py", line 487, in parse
    filter_expression = self.compile_filter(token.contents)
  File "C:\Users\pen-cock\PycharmProjects\DjangoProjects\.venv\Lib\site-packages\django\template\base.py", line 605, in compile_filter
    return FilterExpression(token, self)
  File "C:\Users\pen-cock\PycharmProjects\DjangoProjects\.venv\Lib\site-packages\django\template\base.py", line 706, in __init__
    raise TemplateSyntaxError(
    ...<2 lines>...
    )
django.template.exceptions.TemplateSyntaxError: Could not parse the remainder: '(status="accepted").count()' from 'post.comments.filter(status="accepted").count()'
2025-07-08 11:36:10,126 ERROR "GET /news/80/ HTTP/1.1" 500 209637 C:\Users\pen-cock\PycharmProjects\DjangoProjects\.venv\Lib\site-packages\django\core\servers\basehttp.py
None
2025-07-08 11:38:13,659 ERROR Internal Server Error: /news/80/ C:\Users\pen-cock\PycharmProjects\DjangoProjects\.venv\Lib\site-packages\django\utils\log.py
(<class 'django.template.exceptions.TemplateSyntaxError'>, TemplateSyntaxError('Could not parse the remainder: \'(status="accepted").count()\' from \'post.comments.filter(status="accepted").count()\''), <traceback object at 0x000002EB9D9226C0>)
Traceback (most recent call last):
  File "C:\Users\pen-cock\PycharmProjects\DjangoProjects\.venv\Lib\site-packages\django\core\handlers\exception.py", line 55, in inner
    response = get_response(request)
  File "C:\Users\pen-cock\PycharmProjects\DjangoProjects\.venv\Lib\site-packages\django\core\handlers\base.py", line 220, in _get_response
    response = response.render()
  File "C:\Users\pen-cock\PycharmProjects\DjangoProjects\.venv\Lib\site-packages\django\template\response.py", line 114, in render
    self.content = self.rendered_content
                   ^^^^^^^^^^^^^^^^^^^^^
  File "C:\Users\pen-cock\PycharmProjects\DjangoProjects\.venv\Lib\site-packages\django\template\response.py", line 90, in rendered_content
    template = self.resolve_template(self.template_name)
  File "C:\Users\pen-cock\PycharmProjects\DjangoProjects\.venv\Lib\site-packages\django\template\response.py", line 72, in resolve_template
    return select_template(template, using=self.using)
  File "C:\Users\pen-cock\PycharmProjects\DjangoProjects\.venv\Lib\site-packages\django\template\loader.py", line 42, in select_template
    return engine.get_template(template_name)
           ~~~~~~~~~~~~~~~~~~~^^^^^^^^^^^^^^^
  File "C:\Users\pen-cock\PycharmProjects\DjangoProjects\.venv\Lib\site-packages\django\template\backends\django.py", line 79, in get_template
    return Template(self.engine.get_template(template_name), self)
                    ~~~~~~~~~~~~~~~~~~~~~~~~^^^^^^^^^^^^^^^
  File "C:\Users\pen-cock\PycharmProjects\DjangoProjects\.venv\Lib\site-packages\django\template\engine.py", line 177, in get_template
    template, origin = self.find_template(template_name)
                       ~~~~~~~~~~~~~~~~~~^^^^^^^^^^^^^^^
  File "C:\Users\pen-cock\PycharmProjects\DjangoProjects\.venv\Lib\site-packages\django\template\engine.py", line 159, in find_template
    template = loader.get_template(name, skip=skip)
  File "C:\Users\pen-cock\PycharmProjects\DjangoProjects\.venv\Lib\site-packages\django\template\loaders\cached.py", line 57, in get_template
    template = super().get_template(template_name, skip)
  File "C:\Users\pen-cock\PycharmProjects\DjangoProjects\.venv\Lib\site-packages\django\template\loaders\base.py", line 28, in get_template
    return Template(
        contents,
    ...<2 lines>...
        self.engine,
    )
  File "C:\Users\pen-cock\PycharmProjects\DjangoProjects\.venv\Lib\site-packages\django\template\base.py", line 154, in __init__
    self.nodelist = self.compile_nodelist()
                    ~~~~~~~~~~~~~~~~~~~~~^^
  File "C:\Users\pen-cock\PycharmProjects\DjangoProjects\.venv\Lib\site-packages\django\template\base.py", line 196, in compile_nodelist
    nodelist = parser.parse()
  File "C:\Users\pen-cock\PycharmProjects\DjangoProjects\.venv\Lib\site-packages\django\template\base.py", line 518, in parse
    raise self.error(token, e)
  File "C:\Users\pen-cock\PycharmProjects\DjangoProjects\.venv\Lib\site-packages\django\template\base.py", line 516, in parse
    compiled_result = compile_func(self, token)
  File "C:\Users\pen-cock\PycharmProjects\DjangoProjects\.venv\Lib\site-packages\django\template\loader_tags.py", line 295, in do_extends
    nodelist = parser.parse()
  File "C:\Users\pen-cock\PycharmProjects\DjangoProjects\.venv\Lib\site-packages\django\template\base.py", line 518, in parse
    raise self.error(token, e)
  File "C:\Users\pen-cock\PycharmProjects\DjangoProjects\.venv\Lib\site-packages\django\template\base.py", line 516, in parse
    compiled_result = compile_func(self, token)
  File "C:\Users\pen-cock\PycharmProjects\DjangoProjects\.venv\Lib\site-packages\django\template\loader_tags.py", line 234, in do_block
    nodelist = parser.parse(("endblock",))
  File "C:\Users\pen-cock\PycharmProjects\DjangoProjects\.venv\Lib\site-packages\django\template\base.py", line 489, in parse
    raise self.error(token, e)
  File "C:\Users\pen-cock\PycharmProjects\DjangoProjects\.venv\Lib\site-packages\django\template\base.py", line 487, in parse
    filter_expression = self.compile_filter(token.contents)
  File "C:\Users\pen-cock\PycharmProjects\DjangoProjects\.venv\Lib\site-packages\django\template\base.py", line 605, in compile_filter
    return FilterExpression(token, self)
  File "C:\Users\pen-cock\PycharmProjects\DjangoProjects\.venv\Lib\site-packages\django\template\base.py", line 706, in __init__
    raise TemplateSyntaxError(
    ...<2 lines>...
    )
django.template.exceptions.TemplateSyntaxError: Could not parse the remainder: '(status="accepted").count()' from 'post.comments.filter(status="accepted").count()'
2025-07-08 11:38:13,665 ERROR "GET /news/80/ HTTP/1.1" 500 209685 C:\Users\pen-cock\PycharmProjects\DjangoProjects\.venv\Lib\site-packages\django\core\servers\basehttp.py
None
2025-07-08 11:38:15,416 ERROR Internal Server Error: /news/80/ C:\Users\pen-cock\PycharmProjects\DjangoProjects\.venv\Lib\site-packages\django\utils\log.py
(<class 'django.template.exceptions.TemplateSyntaxError'>, TemplateSyntaxError('Could not parse the remainder: \'(status="accepted").count()\' from \'post.comments.filter(status="accepted").count()\''), <traceback object at 0x000002EB9D7E8080>)
Traceback (most recent call last):
  File "C:\Users\pen-cock\PycharmProjects\DjangoProjects\.venv\Lib\site-packages\django\core\handlers\exception.py", line 55, in inner
    response = get_response(request)
  File "C:\Users\pen-cock\PycharmProjects\DjangoProjects\.venv\Lib\site-packages\django\core\handlers\base.py", line 220, in _get_response
    response = response.render()
  File "C:\Users\pen-cock\PycharmProjects\DjangoProjects\.venv\Lib\site-packages\django\template\response.py", line 114, in render
    self.content = self.rendered_content
                   ^^^^^^^^^^^^^^^^^^^^^
  File "C:\Users\pen-cock\PycharmProjects\DjangoProjects\.venv\Lib\site-packages\django\template\response.py", line 90, in rendered_content
    template = self.resolve_template(self.template_name)
  File "C:\Users\pen-cock\PycharmProjects\DjangoProjects\.venv\Lib\site-packages\django\template\response.py", line 72, in resolve_template
    return select_template(template, using=self.using)
  File "C:\Users\pen-cock\PycharmProjects\DjangoProjects\.venv\Lib\site-packages\django\template\loader.py", line 42, in select_template
    return engine.get_template(template_name)
           ~~~~~~~~~~~~~~~~~~~^^^^^^^^^^^^^^^
  File "C:\Users\pen-cock\PycharmProjects\DjangoProjects\.venv\Lib\site-packages\django\template\backends\django.py", line 79, in get_template
    return Template(self.engine.get_template(template_name), self)
                    ~~~~~~~~~~~~~~~~~~~~~~~~^^^^^^^^^^^^^^^
  File "C:\Users\pen-cock\PycharmProjects\DjangoProjects\.venv\Lib\site-packages\django\template\engine.py", line 177, in get_template
    template, origin = self.find_template(template_name)
                       ~~~~~~~~~~~~~~~~~~^^^^^^^^^^^^^^^
  File "C:\Users\pen-cock\PycharmProjects\DjangoProjects\.venv\Lib\site-packages\django\template\engine.py", line 159, in find_template
    template = loader.get_template(name, skip=skip)
  File "C:\Users\pen-cock\PycharmProjects\DjangoProjects\.venv\Lib\site-packages\django\template\loaders\cached.py", line 57, in get_template
    template = super().get_template(template_name, skip)
  File "C:\Users\pen-cock\PycharmProjects\DjangoProjects\.venv\Lib\site-packages\django\template\loaders\base.py", line 28, in get_template
    return Template(
        contents,
    ...<2 lines>...
        self.engine,
    )
  File "C:\Users\pen-cock\PycharmProjects\DjangoProjects\.venv\Lib\site-packages\django\template\base.py", line 154, in __init__
    self.nodelist = self.compile_nodelist()
                    ~~~~~~~~~~~~~~~~~~~~~^^
  File "C:\Users\pen-cock\PycharmProjects\DjangoProjects\.venv\Lib\site-packages\django\template\base.py", line 196, in compile_nodelist
    nodelist = parser.parse()
  File "C:\Users\pen-cock\PycharmProjects\DjangoProjects\.venv\Lib\site-packages\django\template\base.py", line 518, in parse
    raise self.error(token, e)
  File "C:\Users\pen-cock\PycharmProjects\DjangoProjects\.venv\Lib\site-packages\django\template\base.py", line 516, in parse
    compiled_result = compile_func(self, token)
  File "C:\Users\pen-cock\PycharmProjects\DjangoProjects\.venv\Lib\site-packages\django\template\loader_tags.py", line 295, in do_extends
    nodelist = parser.parse()
  File "C:\Users\pen-cock\PycharmProjects\DjangoProjects\.venv\Lib\site-packages\django\template\base.py", line 518, in parse
    raise self.error(token, e)
  File "C:\Users\pen-cock\PycharmProjects\DjangoProjects\.venv\Lib\site-packages\django\template\base.py", line 516, in parse
    compiled_result = compile_func(self, token)
  File "C:\Users\pen-cock\PycharmProjects\DjangoProjects\.venv\Lib\site-packages\django\template\loader_tags.py", line 234, in do_block
    nodelist = parser.parse(("endblock",))
  File "C:\Users\pen-cock\PycharmProjects\DjangoProjects\.venv\Lib\site-packages\django\template\base.py", line 489, in parse
    raise self.error(token, e)
  File "C:\Users\pen-cock\PycharmProjects\DjangoProjects\.venv\Lib\site-packages\django\template\base.py", line 487, in parse
    filter_expression = self.compile_filter(token.contents)
  File "C:\Users\pen-cock\PycharmProjects\DjangoProjects\.venv\Lib\site-packages\django\template\base.py", line 605, in compile_filter
    return FilterExpression(token, self)
  File "C:\Users\pen-cock\PycharmProjects\DjangoProjects\.venv\Lib\site-packages\django\template\base.py", line 706, in __init__
    raise TemplateSyntaxError(
    ...<2 lines>...
    )
django.template.exceptions.TemplateSyntaxError: Could not parse the remainder: '(status="accepted").count()' from 'post.comments.filter(status="accepted").count()'
2025-07-08 11:38:15,421 ERROR "GET /news/80/ HTTP/1.1" 500 209685 C:\Users\pen-cock\PycharmProjects\DjangoProjects\.venv\Lib\site-packages\django\core\servers\basehttp.py
None
2025-07-08 11:38:52,948 ERROR Internal Server Error: /news/80/ C:\Users\pen-cock\PycharmProjects\DjangoProjects\.venv\Lib\site-packages\django\utils\log.py
(<class 'django.template.exceptions.TemplateSyntaxError'>, TemplateSyntaxError('Could not parse the remainder: \'(status="accepted").count()\' from \'post.comments.filter(status="accepted").count()\''), <traceback object at 0x000002EB9D7EBEC0>)
Traceback (most recent call last):
  File "C:\Users\pen-cock\PycharmProjects\DjangoProjects\.venv\Lib\site-packages\django\core\handlers\exception.py", line 55, in inner
    response = get_response(request)
  File "C:\Users\pen-cock\PycharmProjects\DjangoProjects\.venv\Lib\site-packages\django\core\handlers\base.py", line 220, in _get_response
    response = response.render()
  File "C:\Users\pen-cock\PycharmProjects\DjangoProjects\.venv\Lib\site-packages\django\template\response.py", line 114, in render
    self.content = self.rendered_content
                   ^^^^^^^^^^^^^^^^^^^^^
  File "C:\Users\pen-cock\PycharmProjects\DjangoProjects\.venv\Lib\site-packages\django\template\response.py", line 90, in rendered_content
    template = self.resolve_template(self.template_name)
  File "C:\Users\pen-cock\PycharmProjects\DjangoProjects\.venv\Lib\site-packages\django\template\response.py", line 72, in resolve_template
    return select_template(template, using=self.using)
  File "C:\Users\pen-cock\PycharmProjects\DjangoProjects\.venv\Lib\site-packages\django\template\loader.py", line 42, in select_template
    return engine.get_template(template_name)
           ~~~~~~~~~~~~~~~~~~~^^^^^^^^^^^^^^^
  File "C:\Users\pen-cock\PycharmProjects\DjangoProjects\.venv\Lib\site-packages\django\template\backends\django.py", line 79, in get_template
    return Template(self.engine.get_template(template_name), self)
                    ~~~~~~~~~~~~~~~~~~~~~~~~^^^^^^^^^^^^^^^
  File "C:\Users\pen-cock\PycharmProjects\DjangoProjects\.venv\Lib\site-packages\django\template\engine.py", line 177, in get_template
    template, origin = self.find_template(template_name)
                       ~~~~~~~~~~~~~~~~~~^^^^^^^^^^^^^^^
  File "C:\Users\pen-cock\PycharmProjects\DjangoProjects\.venv\Lib\site-packages\django\template\engine.py", line 159, in find_template
    template = loader.get_template(name, skip=skip)
  File "C:\Users\pen-cock\PycharmProjects\DjangoProjects\.venv\Lib\site-packages\django\template\loaders\cached.py", line 57, in get_template
    template = super().get_template(template_name, skip)
  File "C:\Users\pen-cock\PycharmProjects\DjangoProjects\.venv\Lib\site-packages\django\template\loaders\base.py", line 28, in get_template
    return Template(
        contents,
    ...<2 lines>...
        self.engine,
    )
  File "C:\Users\pen-cock\PycharmProjects\DjangoProjects\.venv\Lib\site-packages\django\template\base.py", line 154, in __init__
    self.nodelist = self.compile_nodelist()
                    ~~~~~~~~~~~~~~~~~~~~~^^
  File "C:\Users\pen-cock\PycharmProjects\DjangoProjects\.venv\Lib\site-packages\django\template\base.py", line 196, in compile_nodelist
    nodelist = parser.parse()
  File "C:\Users\pen-cock\PycharmProjects\DjangoProjects\.venv\Lib\site-packages\django\template\base.py", line 518, in parse
    raise self.error(token, e)
  File "C:\Users\pen-cock\PycharmProjects\DjangoProjects\.venv\Lib\site-packages\django\template\base.py", line 516, in parse
    compiled_result = compile_func(self, token)
  File "C:\Users\pen-cock\PycharmProjects\DjangoProjects\.venv\Lib\site-packages\django\template\loader_tags.py", line 295, in do_extends
    nodelist = parser.parse()
  File "C:\Users\pen-cock\PycharmProjects\DjangoProjects\.venv\Lib\site-packages\django\template\base.py", line 518, in parse
    raise self.error(token, e)
  File "C:\Users\pen-cock\PycharmProjects\DjangoProjects\.venv\Lib\site-packages\django\template\base.py", line 516, in parse
    compiled_result = compile_func(self, token)
  File "C:\Users\pen-cock\PycharmProjects\DjangoProjects\.venv\Lib\site-packages\django\template\loader_tags.py", line 234, in do_block
    nodelist = parser.parse(("endblock",))
  File "C:\Users\pen-cock\PycharmProjects\DjangoProjects\.venv\Lib\site-packages\django\template\base.py", line 489, in parse
    raise self.error(token, e)
  File "C:\Users\pen-cock\PycharmProjects\DjangoProjects\.venv\Lib\site-packages\django\template\base.py", line 487, in parse
    filter_expression = self.compile_filter(token.contents)
  File "C:\Users\pen-cock\PycharmProjects\DjangoProjects\.venv\Lib\site-packages\django\template\base.py", line 605, in compile_filter
    return FilterExpression(token, self)
  File "C:\Users\pen-cock\PycharmProjects\DjangoProjects\.venv\Lib\site-packages\django\template\base.py", line 706, in __init__
    raise TemplateSyntaxError(
    ...<2 lines>...
    )
django.template.exceptions.TemplateSyntaxError: Could not parse the remainder: '(status="accepted").count()' from 'post.comments.filter(status="accepted").count()'
2025-07-08 11:38:52,952 ERROR "GET /news/80/ HTTP/1.1" 500 209667 C:\Users\pen-cock\PycharmProjects\DjangoProjects\.venv\Lib\site-packages\django\core\servers\basehttp.py
None
2025-07-08 11:38:53,713 ERROR Internal Server Error: /news/80/ C:\Users\pen-cock\PycharmProjects\DjangoProjects\.venv\Lib\site-packages\django\utils\log.py
(<class 'django.template.exceptions.TemplateSyntaxError'>, TemplateSyntaxError('Could not parse the remainder: \'(status="accepted").count()\' from \'post.comments.filter(status="accepted").count()\''), <traceback object at 0x000002EB9D881000>)
Traceback (most recent call last):
  File "C:\Users\pen-cock\PycharmProjects\DjangoProjects\.venv\Lib\site-packages\django\core\handlers\exception.py", line 55, in inner
    response = get_response(request)
  File "C:\Users\pen-cock\PycharmProjects\DjangoProjects\.venv\Lib\site-packages\django\core\handlers\base.py", line 220, in _get_response
    response = response.render()
  File "C:\Users\pen-cock\PycharmProjects\DjangoProjects\.venv\Lib\site-packages\django\template\response.py", line 114, in render
    self.content = self.rendered_content
                   ^^^^^^^^^^^^^^^^^^^^^
  File "C:\Users\pen-cock\PycharmProjects\DjangoProjects\.venv\Lib\site-packages\django\template\response.py", line 90, in rendered_content
    template = self.resolve_template(self.template_name)
  File "C:\Users\pen-cock\PycharmProjects\DjangoProjects\.venv\Lib\site-packages\django\template\response.py", line 72, in resolve_template
    return select_template(template, using=self.using)
  File "C:\Users\pen-cock\PycharmProjects\DjangoProjects\.venv\Lib\site-packages\django\template\loader.py", line 42, in select_template
    return engine.get_template(template_name)
           ~~~~~~~~~~~~~~~~~~~^^^^^^^^^^^^^^^
  File "C:\Users\pen-cock\PycharmProjects\DjangoProjects\.venv\Lib\site-packages\django\template\backends\django.py", line 79, in get_template
    return Template(self.engine.get_template(template_name), self)
                    ~~~~~~~~~~~~~~~~~~~~~~~~^^^^^^^^^^^^^^^
  File "C:\Users\pen-cock\PycharmProjects\DjangoProjects\.venv\Lib\site-packages\django\template\engine.py", line 177, in get_template
    template, origin = self.find_template(template_name)
                       ~~~~~~~~~~~~~~~~~~^^^^^^^^^^^^^^^
  File "C:\Users\pen-cock\PycharmProjects\DjangoProjects\.venv\Lib\site-packages\django\template\engine.py", line 159, in find_template
    template = loader.get_template(name, skip=skip)
  File "C:\Users\pen-cock\PycharmProjects\DjangoProjects\.venv\Lib\site-packages\django\template\loaders\cached.py", line 57, in get_template
    template = super().get_template(template_name, skip)
  File "C:\Users\pen-cock\PycharmProjects\DjangoProjects\.venv\Lib\site-packages\django\template\loaders\base.py", line 28, in get_template
    return Template(
        contents,
    ...<2 lines>...
        self.engine,
    )
  File "C:\Users\pen-cock\PycharmProjects\DjangoProjects\.venv\Lib\site-packages\django\template\base.py", line 154, in __init__
    self.nodelist = self.compile_nodelist()
                    ~~~~~~~~~~~~~~~~~~~~~^^
  File "C:\Users\pen-cock\PycharmProjects\DjangoProjects\.venv\Lib\site-packages\django\template\base.py", line 196, in compile_nodelist
    nodelist = parser.parse()
  File "C:\Users\pen-cock\PycharmProjects\DjangoProjects\.venv\Lib\site-packages\django\template\base.py", line 518, in parse
    raise self.error(token, e)
  File "C:\Users\pen-cock\PycharmProjects\DjangoProjects\.venv\Lib\site-packages\django\template\base.py", line 516, in parse
    compiled_result = compile_func(self, token)
  File "C:\Users\pen-cock\PycharmProjects\DjangoProjects\.venv\Lib\site-packages\django\template\loader_tags.py", line 295, in do_extends
    nodelist = parser.parse()
  File "C:\Users\pen-cock\PycharmProjects\DjangoProjects\.venv\Lib\site-packages\django\template\base.py", line 518, in parse
    raise self.error(token, e)
  File "C:\Users\pen-cock\PycharmProjects\DjangoProjects\.venv\Lib\site-packages\django\template\base.py", line 516, in parse
    compiled_result = compile_func(self, token)
  File "C:\Users\pen-cock\PycharmProjects\DjangoProjects\.venv\Lib\site-packages\django\template\loader_tags.py", line 234, in do_block
    nodelist = parser.parse(("endblock",))
  File "C:\Users\pen-cock\PycharmProjects\DjangoProjects\.venv\Lib\site-packages\django\template\base.py", line 489, in parse
    raise self.error(token, e)
  File "C:\Users\pen-cock\PycharmProjects\DjangoProjects\.venv\Lib\site-packages\django\template\base.py", line 487, in parse
    filter_expression = self.compile_filter(token.contents)
  File "C:\Users\pen-cock\PycharmProjects\DjangoProjects\.venv\Lib\site-packages\django\template\base.py", line 605, in compile_filter
    return FilterExpression(token, self)
  File "C:\Users\pen-cock\PycharmProjects\DjangoProjects\.venv\Lib\site-packages\django\template\base.py", line 706, in __init__
    raise TemplateSyntaxError(
    ...<2 lines>...
    )
django.template.exceptions.TemplateSyntaxError: Could not parse the remainder: '(status="accepted").count()' from 'post.comments.filter(status="accepted").count()'
2025-07-08 11:38:53,717 ERROR "GET /news/80/ HTTP/1.1" 500 209667 C:\Users\pen-cock\PycharmProjects\DjangoProjects\.venv\Lib\site-packages\django\core\servers\basehttp.py
None
2025-07-08 11:38:53,994 ERROR Internal Server Error: /news/80/ C:\Users\pen-cock\PycharmProjects\DjangoProjects\.venv\Lib\site-packages\django\utils\log.py
(<class 'django.template.exceptions.TemplateSyntaxError'>, TemplateSyntaxError('Could not parse the remainder: \'(status="accepted").count()\' from \'post.comments.filter(status="accepted").count()\''), <traceback object at 0x000002EB9D846C80>)
Traceback (most recent call last):
  File "C:\Users\pen-cock\PycharmProjects\DjangoProjects\.venv\Lib\site-packages\django\core\handlers\exception.py", line 55, in inner
    response = get_response(request)
  File "C:\Users\pen-cock\PycharmProjects\DjangoProjects\.venv\Lib\site-packages\django\core\handlers\base.py", line 220, in _get_response
    response = response.render()
  File "C:\Users\pen-cock\PycharmProjects\DjangoProjects\.venv\Lib\site-packages\django\template\response.py", line 114, in render
    self.content = self.rendered_content
                   ^^^^^^^^^^^^^^^^^^^^^
  File "C:\Users\pen-cock\PycharmProjects\DjangoProjects\.venv\Lib\site-packages\django\template\response.py", line 90, in rendered_content
    template = self.resolve_template(self.template_name)
  File "C:\Users\pen-cock\PycharmProjects\DjangoProjects\.venv\Lib\site-packages\django\template\response.py", line 72, in resolve_template
    return select_template(template, using=self.using)
  File "C:\Users\pen-cock\PycharmProjects\DjangoProjects\.venv\Lib\site-packages\django\template\loader.py", line 42, in select_template
    return engine.get_template(template_name)
           ~~~~~~~~~~~~~~~~~~~^^^^^^^^^^^^^^^
  File "C:\Users\pen-cock\PycharmProjects\DjangoProjects\.venv\Lib\site-packages\django\template\backends\django.py", line 79, in get_template
    return Template(self.engine.get_template(template_name), self)
                    ~~~~~~~~~~~~~~~~~~~~~~~~^^^^^^^^^^^^^^^
  File "C:\Users\pen-cock\PycharmProjects\DjangoProjects\.venv\Lib\site-packages\django\template\engine.py", line 177, in get_template
    template, origin = self.find_template(template_name)
                       ~~~~~~~~~~~~~~~~~~^^^^^^^^^^^^^^^
  File "C:\Users\pen-cock\PycharmProjects\DjangoProjects\.venv\Lib\site-packages\django\template\engine.py", line 159, in find_template
    template = loader.get_template(name, skip=skip)
  File "C:\Users\pen-cock\PycharmProjects\DjangoProjects\.venv\Lib\site-packages\django\template\loaders\cached.py", line 57, in get_template
    template = super().get_template(template_name, skip)
  File "C:\Users\pen-cock\PycharmProjects\DjangoProjects\.venv\Lib\site-packages\django\template\loaders\base.py", line 28, in get_template
    return Template(
        contents,
    ...<2 lines>...
        self.engine,
    )
  File "C:\Users\pen-cock\PycharmProjects\DjangoProjects\.venv\Lib\site-packages\django\template\base.py", line 154, in __init__
    self.nodelist = self.compile_nodelist()
                    ~~~~~~~~~~~~~~~~~~~~~^^
  File "C:\Users\pen-cock\PycharmProjects\DjangoProjects\.venv\Lib\site-packages\django\template\base.py", line 196, in compile_nodelist
    nodelist = parser.parse()
  File "C:\Users\pen-cock\PycharmProjects\DjangoProjects\.venv\Lib\site-packages\django\template\base.py", line 518, in parse
    raise self.error(token, e)
  File "C:\Users\pen-cock\PycharmProjects\DjangoProjects\.venv\Lib\site-packages\django\template\base.py", line 516, in parse
    compiled_result = compile_func(self, token)
  File "C:\Users\pen-cock\PycharmProjects\DjangoProjects\.venv\Lib\site-packages\django\template\loader_tags.py", line 295, in do_extends
    nodelist = parser.parse()
  File "C:\Users\pen-cock\PycharmProjects\DjangoProjects\.venv\Lib\site-packages\django\template\base.py", line 518, in parse
    raise self.error(token, e)
  File "C:\Users\pen-cock\PycharmProjects\DjangoProjects\.venv\Lib\site-packages\django\template\base.py", line 516, in parse
    compiled_result = compile_func(self, token)
  File "C:\Users\pen-cock\PycharmProjects\DjangoProjects\.venv\Lib\site-packages\django\template\loader_tags.py", line 234, in do_block
    nodelist = parser.parse(("endblock",))
  File "C:\Users\pen-cock\PycharmProjects\DjangoProjects\.venv\Lib\site-packages\django\template\base.py", line 489, in parse
    raise self.error(token, e)
  File "C:\Users\pen-cock\PycharmProjects\DjangoProjects\.venv\Lib\site-packages\django\template\base.py", line 487, in parse
    filter_expression = self.compile_filter(token.contents)
  File "C:\Users\pen-cock\PycharmProjects\DjangoProjects\.venv\Lib\site-packages\django\template\base.py", line 605, in compile_filter
    return FilterExpression(token, self)
  File "C:\Users\pen-cock\PycharmProjects\DjangoProjects\.venv\Lib\site-packages\django\template\base.py", line 706, in __init__
    raise TemplateSyntaxError(
    ...<2 lines>...
    )
django.template.exceptions.TemplateSyntaxError: Could not parse the remainder: '(status="accepted").count()' from 'post.comments.filter(status="accepted").count()'
2025-07-08 11:38:53,999 ERROR "GET /news/80/ HTTP/1.1" 500 209667 C:\Users\pen-cock\PycharmProjects\DjangoProjects\.venv\Lib\site-packages\django\core\servers\basehttp.py
None
2025-07-08 11:38:54,353 ERROR Internal Server Error: /news/80/ C:\Users\pen-cock\PycharmProjects\DjangoProjects\.venv\Lib\site-packages\django\utils\log.py
(<class 'django.template.exceptions.TemplateSyntaxError'>, TemplateSyntaxError('Could not parse the remainder: \'(status="accepted").count()\' from \'post.comments.filter(status="accepted").count()\''), <traceback object at 0x000002EB9D89AEC0>)
Traceback (most recent call last):
  File "C:\Users\pen-cock\PycharmProjects\DjangoProjects\.venv\Lib\site-packages\django\core\handlers\exception.py", line 55, in inner
    response = get_response(request)
  File "C:\Users\pen-cock\PycharmProjects\DjangoProjects\.venv\Lib\site-packages\django\core\handlers\base.py", line 220, in _get_response
    response = response.render()
  File "C:\Users\pen-cock\PycharmProjects\DjangoProjects\.venv\Lib\site-packages\django\template\response.py", line 114, in render
    self.content = self.rendered_content
                   ^^^^^^^^^^^^^^^^^^^^^
  File "C:\Users\pen-cock\PycharmProjects\DjangoProjects\.venv\Lib\site-packages\django\template\response.py", line 90, in rendered_content
    template = self.resolve_template(self.template_name)
  File "C:\Users\pen-cock\PycharmProjects\DjangoProjects\.venv\Lib\site-packages\django\template\response.py", line 72, in resolve_template
    return select_template(template, using=self.using)
  File "C:\Users\pen-cock\PycharmProjects\DjangoProjects\.venv\Lib\site-packages\django\template\loader.py", line 42, in select_template
    return engine.get_template(template_name)
           ~~~~~~~~~~~~~~~~~~~^^^^^^^^^^^^^^^
  File "C:\Users\pen-cock\PycharmProjects\DjangoProjects\.venv\Lib\site-packages\django\template\backends\django.py", line 79, in get_template
    return Template(self.engine.get_template(template_name), self)
                    ~~~~~~~~~~~~~~~~~~~~~~~~^^^^^^^^^^^^^^^
  File "C:\Users\pen-cock\PycharmProjects\DjangoProjects\.venv\Lib\site-packages\django\template\engine.py", line 177, in get_template
    template, origin = self.find_template(template_name)
                       ~~~~~~~~~~~~~~~~~~^^^^^^^^^^^^^^^
  File "C:\Users\pen-cock\PycharmProjects\DjangoProjects\.venv\Lib\site-packages\django\template\engine.py", line 159, in find_template
    template = loader.get_template(name, skip=skip)
  File "C:\Users\pen-cock\PycharmProjects\DjangoProjects\.venv\Lib\site-packages\django\template\loaders\cached.py", line 57, in get_template
    template = super().get_template(template_name, skip)
  File "C:\Users\pen-cock\PycharmProjects\DjangoProjects\.venv\Lib\site-packages\django\template\loaders\base.py", line 28, in get_template
    return Template(
        contents,
    ...<2 lines>...
        self.engine,
    )
  File "C:\Users\pen-cock\PycharmProjects\DjangoProjects\.venv\Lib\site-packages\django\template\base.py", line 154, in __init__
    self.nodelist = self.compile_nodelist()
                    ~~~~~~~~~~~~~~~~~~~~~^^
  File "C:\Users\pen-cock\PycharmProjects\DjangoProjects\.venv\Lib\site-packages\django\template\base.py", line 196, in compile_nodelist
    nodelist = parser.parse()
  File "C:\Users\pen-cock\PycharmProjects\DjangoProjects\.venv\Lib\site-packages\django\template\base.py", line 518, in parse
    raise self.error(token, e)
  File "C:\Users\pen-cock\PycharmProjects\DjangoProjects\.venv\Lib\site-packages\django\template\base.py", line 516, in parse
    compiled_result = compile_func(self, token)
  File "C:\Users\pen-cock\PycharmProjects\DjangoProjects\.venv\Lib\site-packages\django\template\loader_tags.py", line 295, in do_extends
    nodelist = parser.parse()
  File "C:\Users\pen-cock\PycharmProjects\DjangoProjects\.venv\Lib\site-packages\django\template\base.py", line 518, in parse
    raise self.error(token, e)
  File "C:\Users\pen-cock\PycharmProjects\DjangoProjects\.venv\Lib\site-packages\django\template\base.py", line 516, in parse
    compiled_result = compile_func(self, token)
  File "C:\Users\pen-cock\PycharmProjects\DjangoProjects\.venv\Lib\site-packages\django\template\loader_tags.py", line 234, in do_block
    nodelist = parser.parse(("endblock",))
  File "C:\Users\pen-cock\PycharmProjects\DjangoProjects\.venv\Lib\site-packages\django\template\base.py", line 489, in parse
    raise self.error(token, e)
  File "C:\Users\pen-cock\PycharmProjects\DjangoProjects\.venv\Lib\site-packages\django\template\base.py", line 487, in parse
    filter_expression = self.compile_filter(token.contents)
  File "C:\Users\pen-cock\PycharmProjects\DjangoProjects\.venv\Lib\site-packages\django\template\base.py", line 605, in compile_filter
    return FilterExpression(token, self)
  File "C:\Users\pen-cock\PycharmProjects\DjangoProjects\.venv\Lib\site-packages\django\template\base.py", line 706, in __init__
    raise TemplateSyntaxError(
    ...<2 lines>...
    )
django.template.exceptions.TemplateSyntaxError: Could not parse the remainder: '(status="accepted").count()' from 'post.comments.filter(status="accepted").count()'
2025-07-08 11:38:54,358 ERROR "GET /news/80/ HTTP/1.1" 500 209667 C:\Users\pen-cock\PycharmProjects\DjangoProjects\.venv\Lib\site-packages\django\core\servers\basehttp.py
None
2025-07-08 11:39:24,327 ERROR Internal Server Error: /news/80/ C:\Users\pen-cock\PycharmProjects\DjangoProjects\.venv\Lib\site-packages\django\utils\log.py
(<class 'django.template.exceptions.TemplateSyntaxError'>, TemplateSyntaxError('Could not parse the remainder: \'(status="accepted").count()\' from \'post.comments.filter(status="accepted").count()\''), <traceback object at 0x000002EB9D8270C0>)
Traceback (most recent call last):
  File "C:\Users\pen-cock\PycharmProjects\DjangoProjects\.venv\Lib\site-packages\django\core\handlers\exception.py", line 55, in inner
    response = get_response(request)
  File "C:\Users\pen-cock\PycharmProjects\DjangoProjects\.venv\Lib\site-packages\django\core\handlers\base.py", line 220, in _get_response
    response = response.render()
  File "C:\Users\pen-cock\PycharmProjects\DjangoProjects\.venv\Lib\site-packages\django\template\response.py", line 114, in render
    self.content = self.rendered_content
                   ^^^^^^^^^^^^^^^^^^^^^
  File "C:\Users\pen-cock\PycharmProjects\DjangoProjects\.venv\Lib\site-packages\django\template\response.py", line 90, in rendered_content
    template = self.resolve_template(self.template_name)
  File "C:\Users\pen-cock\PycharmProjects\DjangoProjects\.venv\Lib\site-packages\django\template\response.py", line 72, in resolve_template
    return select_template(template, using=self.using)
  File "C:\Users\pen-cock\PycharmProjects\DjangoProjects\.venv\Lib\site-packages\django\template\loader.py", line 42, in select_template
    return engine.get_template(template_name)
           ~~~~~~~~~~~~~~~~~~~^^^^^^^^^^^^^^^
  File "C:\Users\pen-cock\PycharmProjects\DjangoProjects\.venv\Lib\site-packages\django\template\backends\django.py", line 79, in get_template
    return Template(self.engine.get_template(template_name), self)
                    ~~~~~~~~~~~~~~~~~~~~~~~~^^^^^^^^^^^^^^^
  File "C:\Users\pen-cock\PycharmProjects\DjangoProjects\.venv\Lib\site-packages\django\template\engine.py", line 177, in get_template
    template, origin = self.find_template(template_name)
                       ~~~~~~~~~~~~~~~~~~^^^^^^^^^^^^^^^
  File "C:\Users\pen-cock\PycharmProjects\DjangoProjects\.venv\Lib\site-packages\django\template\engine.py", line 159, in find_template
    template = loader.get_template(name, skip=skip)
  File "C:\Users\pen-cock\PycharmProjects\DjangoProjects\.venv\Lib\site-packages\django\template\loaders\cached.py", line 57, in get_template
    template = super().get_template(template_name, skip)
  File "C:\Users\pen-cock\PycharmProjects\DjangoProjects\.venv\Lib\site-packages\django\template\loaders\base.py", line 28, in get_template
    return Template(
        contents,
    ...<2 lines>...
        self.engine,
    )
  File "C:\Users\pen-cock\PycharmProjects\DjangoProjects\.venv\Lib\site-packages\django\template\base.py", line 154, in __init__
    self.nodelist = self.compile_nodelist()
                    ~~~~~~~~~~~~~~~~~~~~~^^
  File "C:\Users\pen-cock\PycharmProjects\DjangoProjects\.venv\Lib\site-packages\django\template\base.py", line 196, in compile_nodelist
    nodelist = parser.parse()
  File "C:\Users\pen-cock\PycharmProjects\DjangoProjects\.venv\Lib\site-packages\django\template\base.py", line 518, in parse
    raise self.error(token, e)
  File "C:\Users\pen-cock\PycharmProjects\DjangoProjects\.venv\Lib\site-packages\django\template\base.py", line 516, in parse
    compiled_result = compile_func(self, token)
  File "C:\Users\pen-cock\PycharmProjects\DjangoProjects\.venv\Lib\site-packages\django\template\loader_tags.py", line 295, in do_extends
    nodelist = parser.parse()
  File "C:\Users\pen-cock\PycharmProjects\DjangoProjects\.venv\Lib\site-packages\django\template\base.py", line 518, in parse
    raise self.error(token, e)
  File "C:\Users\pen-cock\PycharmProjects\DjangoProjects\.venv\Lib\site-packages\django\template\base.py", line 516, in parse
    compiled_result = compile_func(self, token)
  File "C:\Users\pen-cock\PycharmProjects\DjangoProjects\.venv\Lib\site-packages\django\template\loader_tags.py", line 234, in do_block
    nodelist = parser.parse(("endblock",))
  File "C:\Users\pen-cock\PycharmProjects\DjangoProjects\.venv\Lib\site-packages\django\template\base.py", line 489, in parse
    raise self.error(token, e)
  File "C:\Users\pen-cock\PycharmProjects\DjangoProjects\.venv\Lib\site-packages\django\template\base.py", line 487, in parse
    filter_expression = self.compile_filter(token.contents)
  File "C:\Users\pen-cock\PycharmProjects\DjangoProjects\.venv\Lib\site-packages\django\template\base.py", line 605, in compile_filter
    return FilterExpression(token, self)
  File "C:\Users\pen-cock\PycharmProjects\DjangoProjects\.venv\Lib\site-packages\django\template\base.py", line 706, in __init__
    raise TemplateSyntaxError(
    ...<2 lines>...
    )
django.template.exceptions.TemplateSyntaxError: Could not parse the remainder: '(status="accepted").count()' from 'post.comments.filter(status="accepted").count()'
2025-07-08 11:39:24,331 ERROR "GET /news/80/ HTTP/1.1" 500 210518 C:\Users\pen-cock\PycharmProjects\DjangoProjects\.venv\Lib\site-packages\django\core\servers\basehttp.py
None
2025-07-08 11:47:40,798 ERROR Internal Server Error: /news/80/ C:\Users\pen-cock\PycharmProjects\DjangoProjects\.venv\Lib\site-packages\django\utils\log.py
(<class 'django.template.exceptions.TemplateSyntaxError'>, TemplateSyntaxError('Could not parse the remainder: \'(status="accepted").count()\' from \'post.comments.filter(status="accepted").count()\''), <traceback object at 0x000002EB9D882040>)
Traceback (most recent call last):
  File "C:\Users\pen-cock\PycharmProjects\DjangoProjects\.venv\Lib\site-packages\django\core\handlers\exception.py", line 55, in inner
    response = get_response(request)
  File "C:\Users\pen-cock\PycharmProjects\DjangoProjects\.venv\Lib\site-packages\django\core\handlers\base.py", line 220, in _get_response
    response = response.render()
  File "C:\Users\pen-cock\PycharmProjects\DjangoProjects\.venv\Lib\site-packages\django\template\response.py", line 114, in render
    self.content = self.rendered_content
                   ^^^^^^^^^^^^^^^^^^^^^
  File "C:\Users\pen-cock\PycharmProjects\DjangoProjects\.venv\Lib\site-packages\django\template\response.py", line 90, in rendered_content
    template = self.resolve_template(self.template_name)
  File "C:\Users\pen-cock\PycharmProjects\DjangoProjects\.venv\Lib\site-packages\django\template\response.py", line 72, in resolve_template
    return select_template(template, using=self.using)
  File "C:\Users\pen-cock\PycharmProjects\DjangoProjects\.venv\Lib\site-packages\django\template\loader.py", line 42, in select_template
    return engine.get_template(template_name)
           ~~~~~~~~~~~~~~~~~~~^^^^^^^^^^^^^^^
  File "C:\Users\pen-cock\PycharmProjects\DjangoProjects\.venv\Lib\site-packages\django\template\backends\django.py", line 79, in get_template
    return Template(self.engine.get_template(template_name), self)
                    ~~~~~~~~~~~~~~~~~~~~~~~~^^^^^^^^^^^^^^^
  File "C:\Users\pen-cock\PycharmProjects\DjangoProjects\.venv\Lib\site-packages\django\template\engine.py", line 177, in get_template
    template, origin = self.find_template(template_name)
                       ~~~~~~~~~~~~~~~~~~^^^^^^^^^^^^^^^
  File "C:\Users\pen-cock\PycharmProjects\DjangoProjects\.venv\Lib\site-packages\django\template\engine.py", line 159, in find_template
    template = loader.get_template(name, skip=skip)
  File "C:\Users\pen-cock\PycharmProjects\DjangoProjects\.venv\Lib\site-packages\django\template\loaders\cached.py", line 57, in get_template
    template = super().get_template(template_name, skip)
  File "C:\Users\pen-cock\PycharmProjects\DjangoProjects\.venv\Lib\site-packages\django\template\loaders\base.py", line 28, in get_template
    return Template(
        contents,
    ...<2 lines>...
        self.engine,
    )
  File "C:\Users\pen-cock\PycharmProjects\DjangoProjects\.venv\Lib\site-packages\django\template\base.py", line 154, in __init__
    self.nodelist = self.compile_nodelist()
                    ~~~~~~~~~~~~~~~~~~~~~^^
  File "C:\Users\pen-cock\PycharmProjects\DjangoProjects\.venv\Lib\site-packages\django\template\base.py", line 196, in compile_nodelist
    nodelist = parser.parse()
  File "C:\Users\pen-cock\PycharmProjects\DjangoProjects\.venv\Lib\site-packages\django\template\base.py", line 518, in parse
    raise self.error(token, e)
  File "C:\Users\pen-cock\PycharmProjects\DjangoProjects\.venv\Lib\site-packages\django\template\base.py", line 516, in parse
    compiled_result = compile_func(self, token)
  File "C:\Users\pen-cock\PycharmProjects\DjangoProjects\.venv\Lib\site-packages\django\template\loader_tags.py", line 295, in do_extends
    nodelist = parser.parse()
  File "C:\Users\pen-cock\PycharmProjects\DjangoProjects\.venv\Lib\site-packages\django\template\base.py", line 518, in parse
    raise self.error(token, e)
  File "C:\Users\pen-cock\PycharmProjects\DjangoProjects\.venv\Lib\site-packages\django\template\base.py", line 516, in parse
    compiled_result = compile_func(self, token)
  File "C:\Users\pen-cock\PycharmProjects\DjangoProjects\.venv\Lib\site-packages\django\template\loader_tags.py", line 234, in do_block
    nodelist = parser.parse(("endblock",))
  File "C:\Users\pen-cock\PycharmProjects\DjangoProjects\.venv\Lib\site-packages\django\template\base.py", line 489, in parse
    raise self.error(token, e)
  File "C:\Users\pen-cock\PycharmProjects\DjangoProjects\.venv\Lib\site-packages\django\template\base.py", line 487, in parse
    filter_expression = self.compile_filter(token.contents)
  File "C:\Users\pen-cock\PycharmProjects\DjangoProjects\.venv\Lib\site-packages\django\template\base.py", line 605, in compile_filter
    return FilterExpression(token, self)
  File "C:\Users\pen-cock\PycharmProjects\DjangoProjects\.venv\Lib\site-packages\django\template\base.py", line 706, in __init__
    raise TemplateSyntaxError(
    ...<2 lines>...
    )
django.template.exceptions.TemplateSyntaxError: Could not parse the remainder: '(status="accepted").count()' from 'post.comments.filter(status="accepted").count()'
2025-07-08 11:47:40,802 ERROR "GET /news/80/ HTTP/1.1" 500 209158 C:\Users\pen-cock\PycharmProjects\DjangoProjects\.venv\Lib\site-packages\django\core\servers\basehttp.py
None
2025-07-08 16:15:36,658 ERROR Internal Server Error: /news/moderate/22/ C:\Users\pen-cock\PycharmProjects\DjangoProjects\.venv\Lib\site-packages\django\utils\log.py
(<class 'django.urls.exceptions.NoReverseMatch'>, NoReverseMatch("'comments' is not a registered namespace"), <traceback object at 0x000001D6C8651880>)
Traceback (most recent call last):
  File "C:\Users\pen-cock\PycharmProjects\DjangoProjects\.venv\Lib\site-packages\django\urls\base.py", line 71, in reverse
    extra, resolver = resolver.namespace_dict[ns]
                      ~~~~~~~~~~~~~~~~~~~~~~~^^^^
KeyError: 'comments'

During handling of the above exception, another exception occurred:

Traceback (most recent call last):
  File "C:\Users\pen-cock\PycharmProjects\DjangoProjects\.venv\Lib\site-packages\django\core\handlers\exception.py", line 55, in inner
    response = get_response(request)
  File "C:\Users\pen-cock\PycharmProjects\DjangoProjects\.venv\Lib\site-packages\django\core\handlers\base.py", line 197, in _get_response
    response = wrapped_callback(request, *callback_args, **callback_kwargs)
  File "C:\Users\pen-cock\PycharmProjects\DjangoProjects\.venv\Lib\site-packages\django\views\generic\base.py", line 104, in view
    return self.dispatch(request, *args, **kwargs)
           ~~~~~~~~~~~~~^^^^^^^^^^^^^^^^^^^^^^^^^^
  File "C:\Users\pen-cock\PycharmProjects\DjangoProjects\.venv\Lib\site-packages\django\contrib\auth\mixins.py", line 73, in dispatch
    return super().dispatch(request, *args, **kwargs)
           ~~~~~~~~~~~~~~~~^^^^^^^^^^^^^^^^^^^^^^^^^^
  File "C:\Users\pen-cock\PycharmProjects\DjangoProjects\.venv\Lib\site-packages\django\views\generic\base.py", line 143, in dispatch
    return handler(request, *args, **kwargs)
  File "C:\Users\pen-cock\PycharmProjects\DjangoProjects\.venv\Lib\site-packages\django\views\generic\edit.py", line 206, in post
    return super().post(request, *args, **kwargs)
           ~~~~~~~~~~~~^^^^^^^^^^^^^^^^^^^^^^^^^^
  File "C:\Users\pen-cock\PycharmProjects\DjangoProjects\.venv\Lib\site-packages\django\views\generic\edit.py", line 151, in post
    return self.form_valid(form)
           ~~~~~~~~~~~~~~~^^^^^^
  File "C:\Users\pen-cock\PycharmProjects\DjangoProjects\Newspaper\Newspaper\news\views.py", line 124, in form_valid
    response = super().form_valid(form)
  File "C:\Users\pen-cock\PycharmProjects\DjangoProjects\.venv\Lib\site-packages\django\views\generic\edit.py", line 134, in form_valid
    return super().form_valid(form)
           ~~~~~~~~~~~~~~~~~~^^^^^^
  File "C:\Users\pen-cock\PycharmProjects\DjangoProjects\.venv\Lib\site-packages\django\views\generic\edit.py", line 63, in form_valid
    return HttpResponseRedirect(self.get_success_url())
                                ~~~~~~~~~~~~~~~~~~~~^^
  File "C:\Users\pen-cock\PycharmProjects\DjangoProjects\.venv\Lib\site-packages\django\views\generic\edit.py", line 119, in get_success_url
    if self.success_url:
       ^^^^^^^^^^^^^^^^
  File "C:\Users\pen-cock\PycharmProjects\DjangoProjects\.venv\Lib\site-packages\django\utils\functional.py", line 187, in __wrapper__
    result = func(*self._args, **self._kw)
  File "C:\Users\pen-cock\PycharmProjects\DjangoProjects\.venv\Lib\site-packages\django\urls\base.py", line 82, in reverse
    raise NoReverseMatch("%s is not a registered namespace" % key)
django.urls.exceptions.NoReverseMatch: 'comments' is not a registered namespace
2025-07-08 16:15:36,663 ERROR "POST /news/moderate/22/ HTTP/1.1" 500 133015 C:\Users\pen-cock\PycharmProjects\DjangoProjects\.venv\Lib\site-packages\django\core\servers\basehttp.py
None
2025-07-08 16:24:45,504 ERROR Internal Server Error: /news/moderate/23/ C:\Users\pen-cock\PycharmProjects\DjangoProjects\.venv\Lib\site-packages\django\utils\log.py
(<class 'django.template.exceptions.TemplateDoesNotExist'>, TemplateDoesNotExist('news/moderate.html'), <traceback object at 0x000002308A740F80>)
Traceback (most recent call last):
  File "C:\Users\pen-cock\PycharmProjects\DjangoProjects\.venv\Lib\site-packages\django\core\handlers\exception.py", line 55, in inner
    response = get_response(request)
  File "C:\Users\pen-cock\PycharmProjects\DjangoProjects\.venv\Lib\site-packages\django\core\handlers\base.py", line 197, in _get_response
    response = wrapped_callback(request, *callback_args, **callback_kwargs)
  File "C:\Users\pen-cock\PycharmProjects\DjangoProjects\.venv\Lib\site-packages\django\views\generic\base.py", line 104, in view
    return self.dispatch(request, *args, **kwargs)
           ~~~~~~~~~~~~~^^^^^^^^^^^^^^^^^^^^^^^^^^
  File "C:\Users\pen-cock\PycharmProjects\DjangoProjects\.venv\Lib\site-packages\django\contrib\auth\mixins.py", line 73, in dispatch
    return super().dispatch(request, *args, **kwargs)
           ~~~~~~~~~~~~~~~~^^^^^^^^^^^^^^^^^^^^^^^^^^
  File "C:\Users\pen-cock\PycharmProjects\DjangoProjects\.venv\Lib\site-packages\django\views\generic\base.py", line 143, in dispatch
    return handler(request, *args, **kwargs)
  File "C:\Users\pen-cock\PycharmProjects\DjangoProjects\Newspaper\Newspaper\news\views.py", line 136, in post
    return render(request, 'news/moderate.html', {
        'post': post,
        'accepted_comments': accepted_comments,
    })
  File "C:\Users\pen-cock\PycharmProjects\DjangoProjects\.venv\Lib\site-packages\django\shortcuts.py", line 25, in render
    content = loader.render_to_string(template_name, context, request, using=using)
  File "C:\Users\pen-cock\PycharmProjects\DjangoProjects\.venv\Lib\site-packages\django\template\loader.py", line 61, in render_to_string
    template = get_template(template_name, using=using)
  File "C:\Users\pen-cock\PycharmProjects\DjangoProjects\.venv\Lib\site-packages\django\template\loader.py", line 19, in get_template
    raise TemplateDoesNotExist(template_name, chain=chain)
django.template.exceptions.TemplateDoesNotExist: news/moderate.html
2025-07-08 16:24:45,509 ERROR "POST /news/moderate/23/ HTTP/1.1" 500 111989 C:\Users\pen-cock\PycharmProjects\DjangoProjects\.venv\Lib\site-packages\django\core\servers\basehttp.py
None
